,player,GP,90 s,minutes,goals per 90,assists per 90,xG,shots per 90,shots target 90,goal per shot,shot mean dist,completed pass,short completed pass,med completed pass,long completed pass,xA,tackle wit ball rec,% duel won,ball touch per 90,% dribble,% passes received,committed fouls per 90,received fouls per 90,interceptions per 90,loose balls recovered 90,% aerials duels won
0,Aleix García,27.0,26.8,2408.0,0.11,0.22,1.4,1.12,0.37,0.1,26.0,87.7,94.6,93.3,64.8,5.0,22,53.8,2416.0,61.1,1766.0,23,30,30,174.0,37.9
1,Miguel Gutiérrez,27.0,26.7,2401.0,0.04,0.15,2.2,0.97,0.15,0.04,23.5,85.7,94.0,85.8,66.7,5.2,16,37.9,1770.0,41.1,1153.0,19,19,18,168.0,56.3
2,Sávio,28.0,25.1,2263.0,0.32,0.28,4.4,1.35,0.64,0.24,17.1,74.7,87.7,74.1,48.1,7.2,22,52.6,1126.0,43.4,849.0,22,45,14,133.0,23.5
3,Iván Martín,27.0,21.7,1955.0,0.18,0.09,2.5,0.69,0.41,0.27,16.3,91.3,93.5,94.2,81.4,1.8,20,41.3,1338.0,66.7,1070.0,24,25,15,100.0,23.1
4,Viktor Tsyhankov,23.0,17.9,1610.0,0.34,0.22,4.7,1.68,0.67,0.2,15.7,78.4,87.7,79.7,55.8,4.7,17,54.2,851.0,35.7,635.0,13,30,10,74.0,50.0
5,Yan Couto,26.0,19.1,1722.0,0.05,0.37,1.4,1.31,0.52,0.04,21.5,78.5,88.5,78.8,56.8,2.9,24,48.5,1285.0,41.0,848.0,25,30,6,113.0,23.1
6,Yangel Herrera,20.0,16.8,1513.0,0.24,0.0,3.7,2.2,0.71,0.11,14.5,86.2,92.3,84.3,68.9,1.4,24,47.6,1025.0,73.9,713.0,54,47,16,95.0,58.0
7,David López,17.0,15.0,1347.0,0.13,0.0,1.4,0.67,0.27,0.2,14.5,92.2,93.0,95.9,67.1,0.3,18,78.6,1221.0,50.0,875.0,9,12,16,92.0,43.1
8,Portu,23.0,8.9,797.0,0.45,0.34,1.9,1.24,0.68,0.36,9.5,76.7,85.1,86.4,33.3,1.1,10,23.1,282.0,18.2,213.0,10,10,1,23.0,22.2
9,Pablo Torre,19.0,5.6,507.0,0.0,0.36,0.6,1.78,0.18,0.0,19.8,83.2,88.3,88.2,69.7,1.2,1,33.3,392.0,25.0,316.0,6,14,4,25.0,0.0
10,Valery Fernández,21.0,5.0,452.0,0.4,0.0,0.7,1.0,0.4,0.4,18.9,84.0,94.5,77.6,50.0,0.4,7,66.7,246.0,33.3,175.0,5,13,1,28.0,40.0
11,Jhon Solis,14.0,2.8,256.0,0.0,0.0,0.9,2.81,0.7,0.0,16.9,82.9,84.4,85.7,100.0,0.2,4,28.6,197.0,57.1,130.0,5,3,4,14.0,21.4
12,Ibrahima Kebe,2.0,0.1,9.0,0.0,0.0,0.0,0.0,0.0,,,62.5,50.0,100.0,,0.0,1,,13.0,0.0,4.0,1,2,1,5.0,60.0
13,Silvi Clúa,1.0,0.0,1.0,0.0,0.0,0.0,0.0,0.0,,,100.0,100.0,100.0,,0.0,0,100.0,10.0,,5.0,1,0,0,0.0,
14,Jastin García,1.0,0.0,1.0,0.0,0.0,0.0,0.0,0.0,,,,,,,0.0,0,,0.0,,0.0,0,0,0,0.0,
15,İlkay Gündoğan,,25.3,2275.0,0.2,0.24,6.0,1.31,0.47,0.12,17.4,84.8,91.6,90.8,53.7,8.3,13,29.2,2027.0,53.2,1537.0,10,30,18,149.0,27.3
16,Andreas Christensen,,17.5,1579.0,0.0,0.11,0.7,0.4,0.06,0.0,12.4,95.1,96.3,97.6,81.1,0.7,10,57.9,1417.0,60.0,1099.0,18,6,17,82.0,71.0
17,Frenkie de Jong,,17.7,1590.0,0.11,0.0,0.7,0.4,0.23,0.29,20.4,92.1,96.3,91.8,76.7,4.9,26,42.1,1817.0,54.2,1447.0,18,22,13,116.0,57.5
18,Pedri,,12.1,1091.0,0.16,0.16,2.1,0.91,0.33,0.18,15.7,85.6,87.4,92.3,81.0,3.5,18,30.0,926.0,44.0,725.0,9,17,10,60.0,0.0
19,Raphinha,,10.1,906.0,0.4,0.6,5.4,4.17,1.59,0.1,18.4,74.9,83.3,81.6,57.5,4.1,5,23.1,626.0,48.6,445.0,11,21,7,57.0,69.2
20,Gavi,,10.5,944.0,0.1,0.1,0.9,0.86,0.38,0.11,15.2,90.4,94.3,88.5,80.0,1.4,21,50.0,678.0,54.5,479.0,31,23,8,44.0,33.3
21,Oriol Romeu,,8.4,756.0,0.0,0.12,0.7,1.19,0.24,0.0,23.6,89.1,93.6,91.4,66.0,0.8,17,61.1,767.0,75.0,585.0,14,10,9,48.0,44.8
22,Fermin López,,8.9,800.0,0.23,0.0,3.6,3.04,1.58,0.07,14.6,82.2,92.4,79.5,64.7,0.7,13,32.0,491.0,62.5,352.0,26,12,2,42.0,29.4
23,Sergi Roberto,,4.0,357.0,0.76,0.25,1.5,1.51,1.01,0.5,11.3,88.8,93.9,90.8,80.0,0.3,4,50.0,248.0,,183.0,2,1,2,22.0,28.6
24,Marc Guiu,,0.8,74.0,1.22,0.0,0.8,4.86,1.22,0.25,12.1,100.0,100.0,100.0,,0.1,0,,20.0,,16.0,1,2,0,1.0,25.0
25,Abdessamad Ezzalzouli,,0.8,68.0,0.0,0.0,0.2,5.29,1.32,0.0,19.1,62.2,78.3,50.0,25.0,0.0,1,0.0,54.0,50.0,43.0,1,3,0,2.0,33.3
26,Ansu Fati,,0.6,50.0,0.0,0.0,0.7,12.6,1.8,0.0,18.6,85.7,100.0,77.8,100.0,0.1,0,0.0,42.0,33.3,35.0,0,4,0,2.0,50.0
27,Antoine Griezmann,,21.6,1947.0,0.51,0.28,9.6,2.63,1.06,0.14,17.2,77.4,88.8,75.2,58.1,4.7,13,32.3,1237.0,62.9,892.0,10,17,9,71.0,27.3
28,Koke,,18.6,1670.0,0.0,0.16,0.3,0.32,0.05,0.0,20.7,90.3,95.5,91.5,73.6,2.1,35,51.7,1764.0,33.3,1361.0,11,10,13,135.0,52.0
29,Marcos Llorente,,20.8,1868.0,0.29,0.14,2.9,0.96,0.67,0.3,13.2,79.1,89.4,80.4,52.0,3.5,15,34.4,1056.0,36.4,749.0,23,19,10,88.0,34.3
30,Rodrigo De Paul,,16.8,1515.0,0.06,0.24,1.5,1.31,0.53,0.05,19.3,83.8,92.0,85.0,70.8,5.1,18,38.7,1368.0,57.1,1064.0,18,45,9,120.0,80.0
31,Saúl Ñíguez,,13.5,1213.0,0.0,0.3,1.1,0.96,0.22,0.0,15.0,80.0,87.5,81.4,50.0,2.0,34,65.1,845.0,53.3,542.0,33,12,13,65.0,60.9
32,Pablo Barrios,,12.6,1138.0,0.0,0.08,0.4,0.71,0.4,0.0,23.0,83.0,87.5,87.6,69.1,0.8,18,46.9,817.0,79.5,581.0,15,17,22,78.0,50.0
33,Rodrigo Riquelme,,11.7,1054.0,0.17,0.34,2.2,2.22,1.02,0.08,16.7,76.8,86.3,78.4,50.0,3.2,10,33.3,650.0,38.8,448.0,7,19,6,63.0,21.4
34,Ángel Correa,,9.8,885.0,0.71,0.2,6.2,2.54,1.22,0.24,17.9,74.6,83.7,79.7,45.2,2.5,9,25.0,444.0,51.3,339.0,6,17,1,46.0,28.6
35,Thomas Lemar,,1.8,164.0,0.0,0.0,0.2,1.1,0.0,0.0,23.0,84.5,89.1,86.2,33.3,0.1,1,50.0,99.0,50.0,83.0,3,2,0,5.0,0.0
36,Arthur Vermeeren,,0.9,85.0,0.0,0.0,0.0,0.0,0.0,,,78.7,87.5,86.4,0.0,0.0,0,0.0,73.0,0.0,49.0,5,1,5,11.0,25.0
37,Salim El Jebari,,0.1,13.0,0.0,0.0,0.0,0.0,0.0,,,75.0,100.0,0.0,,0.0,0,,9.0,,6.0,1,0,0,0.0,0.0
38,Oihan Sancet,,18.9,1697.0,0.16,0.27,5.8,1.96,0.48,0.08,15.5,79.9,85.5,82.1,71.4,2.6,11,35.3,904.0,45.1,713.0,27,29,7,87.0,59.5
39,Iñigo Ruiz de Galarreta,,18.2,1639.0,0.05,0.05,0.3,0.44,0.05,0.13,24.5,78.4,86.1,84.4,51.3,1.9,27,52.4,1058.0,64.0,686.0,43,31,10,113.0,50.0
40,Mikel Vesga,,13.9,1251.0,0.22,0.07,2.6,1.08,0.36,0.07,20.5,77.0,85.1,82.8,58.0,1.1,13,34.9,816.0,18.2,510.0,25,3,25,94.0,49.1
41,Beñat Prados,,9.8,883.0,0.0,0.0,0.4,0.51,0.41,0.0,15.2,82.1,90.1,81.6,55.6,0.6,16,45.5,561.0,58.3,335.0,21,17,11,69.0,45.5
42,Ander Herrera,,8.8,788.0,0.0,0.23,0.4,1.03,0.23,0.0,22.5,84.3,89.7,85.9,62.0,1.6,27,56.7,659.0,50.0,430.0,16,10,14,63.0,34.5
43,Dani García,,5.8,524.0,0.17,0.0,0.8,1.03,0.52,0.17,13.6,85.2,88.1,88.0,73.9,0.2,5,44.4,275.0,100.0,161.0,7,5,6,28.0,30.0
44,Unai Gómez,,5.6,506.0,0.36,0.0,1.3,2.13,1.07,0.17,16.0,69.1,80.9,65.2,55.6,0.4,9,57.1,205.0,42.9,137.0,5,14,1,27.0,35.3
45,Iker Muniain,,4.4,395.0,0.23,0.0,1.4,2.51,1.37,0.09,14.6,82.6,90.2,83.1,50.0,0.9,0,100.0,307.0,47.1,231.0,5,7,0,21.0,10.0
46,Adu Ares,,1.7,156.0,0.0,0.0,0.1,1.73,0.0,0.0,21.1,71.4,84.4,71.4,42.9,0.0,4,66.7,92.0,64.3,68.0,3,8,1,9.0,0.0
47,Raúl García,,2.2,196.0,0.0,0.0,0.4,2.3,0.0,0.0,16.2,52.5,55.2,50.0,75.0,0.0,3,40.0,93.0,50.0,68.0,12,6,2,10.0,61.9
48,Mikel Jauregizar,,0.7,63.0,0.0,0.0,,2.86,0.0,0.0,,,,,,,0,,,,,2,1,0,,
49,Peru Nolaskoain,,0.1,10.0,0.0,0.0,0.0,0.0,0.0,,,62.5,100.0,80.0,0.0,0.0,1,100.0,10.0,,5.0,0,0,0,1.0,100.0
50,Martín Zubimendi,,25.7,2310.0,0.16,0.04,2.5,0.78,0.43,0.2,15.1,85.5,89.2,89.9,65.1,1.3,23,55.9,1554.0,68.8,1032.0,31,20,33,147.0,59.7
51,Brais Méndez,,22.0,1979.0,0.18,0.18,3.5,2.41,0.55,0.08,20.5,74.6,83.4,83.0,43.0,3.9,23,31.6,1243.0,42.9,879.0,47,45,8,101.0,40.7
52,Takefusa Kubo,,18.7,1683.0,0.37,0.16,3.4,2.3,0.96,0.16,17.5,70.8,86.0,71.1,46.2,5.1,14,37.5,880.0,47.2,627.0,15,42,9,76.0,35.0
53,Mikel Merino,,18.6,1672.0,0.16,0.16,2.8,1.24,0.43,0.13,13.1,76.0,83.2,77.5,61.7,2.0,24,50.0,1166.0,53.1,785.0,51,44,9,139.0,60.5
54,Mikel Oyarzabal,,16.1,1449.0,0.5,0.06,7.6,1.61,0.75,0.23,15.2,75.3,84.5,78.7,64.3,0.9,14,33.3,504.0,46.7,347.0,13,13,4,50.0,37.5
55,Ander Barrenetxea,,11.0,989.0,0.27,0.09,2.4,2.37,0.91,0.12,18.8,64.8,80.4,62.1,48.5,0.7,12,33.3,574.0,46.3,419.0,17,16,5,62.0,36.7
56,Beñat Turrientes,,11.9,1067.0,0.0,0.08,0.8,1.35,0.59,0.0,25.1,81.7,89.7,90.2,54.1,0.5,13,45.5,500.0,53.1,333.0,27,25,3,52.0,31.7
57,Arsen Zakharyan,,8.6,773.0,0.0,0.12,1.0,2.56,0.58,0.0,21.6,65.9,83.6,65.6,41.4,1.7,12,50.0,438.0,28.0,293.0,13,8,1,35.0,40.0
58,Olasagasti,,3.5,313.0,0.0,0.0,0.8,2.3,0.0,0.0,17.0,73.9,81.8,81.0,45.5,0.2,12,57.1,205.0,66.7,122.0,6,7,3,34.0,40.0
59,Urko González,,1.7,149.0,0.0,0.0,0.0,0.6,0.0,0.0,11.9,78.8,83.7,90.6,22.2,0.0,1,100.0,103.0,0.0,69.0,1,2,0,13.0,55.6
60,Mohamed Ali Cho,,2.8,249.0,0.0,0.0,0.4,1.08,0.0,0.0,17.4,57.6,71.9,66.7,11.1,0.3,3,28.6,106.0,35.0,68.0,5,6,1,16.0,33.3
61,Sheraldo Becker,,1.6,140.0,0.0,0.0,0.4,2.57,1.29,0.0,18.7,54.4,73.3,44.4,25.0,0.6,0,,68.0,,53.0,1,0,0,9.0,20.0
62,Jon Magunacelaya,,1.3,114.0,0.0,0.0,0.3,2.37,0.0,0.0,14.8,65.9,68.2,64.3,,0.3,3,57.1,60.0,33.3,34.0,2,3,0,7.0,20.0
63,Alex Sola,,0.3,30.0,0.0,0.0,0.0,0.0,0.0,,,75.0,100.0,70.0,,0.0,0,,21.0,,10.0,2,2,1,2.0,100.0
64,Alberto Dadie,,0.3,28.0,0.0,0.0,0.0,0.0,0.0,,,42.9,50.0,100.0,,0.1,1,,14.0,0.0,10.0,4,0,0,2.0,
65,Isco,,20.5,1846.0,0.29,0.15,6.7,2.39,1.02,0.1,18.0,79.3,90.4,83.9,54.5,5.4,19,35.7,1432.0,52.1,1062.0,24,62,8,97.0,26.2
66,Marc Roca,,20.2,1816.0,0.1,0.1,1.1,0.99,0.35,0.1,24.3,83.0,90.0,86.8,59.1,1.7,34,57.1,1305.0,50.0,886.0,46,23,16,140.0,28.6
67,Guido Rodríguez,,13.3,1197.0,0.15,0.0,0.5,0.98,0.45,0.15,21.9,87.2,93.0,89.5,74.4,0.7,13,51.5,782.0,72.7,478.0,17,26,18,100.0,54.5
68,Rodri,,9.6,865.0,0.0,0.0,1.0,1.66,0.42,0.0,17.6,80.4,90.8,80.7,56.1,1.8,8,42.1,561.0,38.6,453.0,4,20,7,44.0,0.0
69,Johnny Cardoso,,6.9,624.0,0.14,0.29,0.5,0.87,0.29,0.17,21.3,85.0,88.1,88.2,72.2,0.8,15,66.7,399.0,60.0,223.0,10,8,18,48.0,65.5
70,Nabil Fekir,,6.5,583.0,0.0,0.31,1.6,2.78,0.46,0.0,19.2,80.5,88.2,88.9,44.4,1.5,6,57.1,425.0,68.8,320.0,10,15,5,25.0,75.0
71,Sergi Altimira,,5.6,504.0,0.18,0.0,0.2,1.07,0.18,0.17,23.8,90.4,93.2,94.7,79.3,0.3,8,50.0,338.0,54.5,237.0,7,6,8,38.0,40.0
72,Pablo Fornals,,5.0,450.0,0.2,0.2,0.2,0.8,0.2,0.25,20.4,75.2,85.9,79.3,53.7,1.2,3,50.0,353.0,50.0,250.0,5,4,9,31.0,45.5
73,Andrés Guardado,,5.0,447.0,0.0,0.0,0.1,1.01,0.0,0.0,24.4,84.9,93.5,88.7,72.4,0.3,12,50.0,346.0,85.7,216.0,10,3,6,37.0,36.4
74,William Carvalho,,5.7,517.0,0.17,0.52,0.3,1.22,0.52,0.14,25.0,87.6,92.0,88.1,72.2,0.5,9,66.7,535.0,30.8,422.0,9,5,5,39.0,62.5
75,Paul Akouokou,,0.3,27.0,0.0,0.0,0.0,0.0,0.0,,,94.1,87.5,100.0,100.0,0.0,3,100.0,26.0,,15.0,1,1,1,0.0,
76,José Luis García Vayá,,26.7,2402.0,0.15,0.04,4.7,0.82,0.11,0.0,34.0,78.3,84.2,84.6,59.5,3.5,45,56.6,1774.0,55.6,1060.0,43,27,31,178.0,55.7
77,Francisco Perez,,19.5,1759.0,0.05,0.2,1.0,0.87,0.1,0.06,18.1,74.7,83.0,74.1,48.4,1.9,17,36.6,736.0,38.5,508.0,29,20,11,95.0,16.7
78,Diego López,,19.2,1732.0,0.16,0.26,2.4,1.3,0.62,0.12,15.6,62.8,70.1,67.7,55.8,2.0,15,22.2,746.0,35.8,496.0,17,24,11,82.0,42.2
79,Javier Guerra,,19.4,1746.0,0.21,0.05,2.1,1.49,0.57,0.14,24.6,73.4,80.6,81.8,46.8,1.7,16,35.0,877.0,51.7,577.0,32,27,10,118.0,31.4
80,Dimitri Foulquier,,14.3,1283.0,0.0,0.0,0.6,0.42,0.07,0.0,16.9,73.6,84.0,82.2,35.8,0.5,16,71.4,873.0,51.6,457.0,20,13,10,79.0,33.3
81,Mouctar Diakhaby,,11.9,1073.0,0.08,0.0,0.7,0.59,0.25,0.14,13.9,87.0,95.0,92.5,56.6,0.1,11,84.6,683.0,80.0,414.0,9,2,11,67.0,65.8
82,Sergi Canós,,8.5,769.0,0.12,0.23,0.8,2.57,1.05,0.05,24.2,62.3,75.0,75.7,31.0,0.9,8,38.5,364.0,38.1,233.0,8,8,7,44.0,69.2
83,Hugo Guillamón,,11.3,1018.0,0.09,0.0,0.2,0.27,0.18,0.33,18.3,79.5,86.2,82.4,61.3,0.3,12,66.7,564.0,100.0,369.0,26,16,9,61.0,52.0
84,Selim Amallah,,6.5,581.0,0.0,0.15,0.4,1.55,0.46,0.0,21.7,73.4,84.4,69.6,50.0,0.3,12,33.3,283.0,43.9,184.0,19,22,10,36.0,40.0
85,Domingos André Ribeiro Almeida,,5.3,479.0,0.0,0.19,0.2,0.94,0.38,0.0,20.9,77.4,92.0,82.8,60.0,0.5,6,50.0,235.0,53.8,182.0,6,12,2,19.0,11.1
86,Jesus Vazquez,,3.3,301.0,0.3,0.0,0.8,1.2,0.3,0.25,16.7,57.9,85.7,53.1,28.6,0.1,3,71.4,158.0,12.5,75.0,4,5,0,21.0,25.0
87,Pablo Gozalbez,,1.1,103.0,0.0,0.0,0.0,0.87,0.0,0.0,30.8,50.0,53.3,66.7,33.3,0.0,0,16.7,42.0,0.0,29.0,6,2,1,6.0,16.7
88,Peter González,,1.1,101.0,0.0,0.0,0.1,3.56,0.89,0.0,23.6,55.6,78.6,50.0,0.0,0.0,1,0.0,48.0,57.1,24.0,2,1,0,7.0,66.7
89,Alberto Marí,,0.6,58.0,0.0,1.55,0.1,1.55,0.0,0.0,5.1,41.2,0.0,71.4,100.0,0.4,1,100.0,29.0,100.0,15.0,5,1,0,2.0,18.2
90,Hugo González,,0.6,54.0,0.0,1.67,0.0,1.67,0.0,0.0,29.8,64.0,81.8,62.5,50.0,0.2,1,,36.0,0.0,21.0,3,2,0,6.0,0.0
91,Kirian Rodríguez,,25.7,2311.0,0.23,0.08,1.5,1.17,0.47,0.2,25.3,88.5,93.0,91.4,68.4,2.5,25,32.1,2441.0,79.2,1989.0,16,32,17,171.0,31.6
92,Javier Muñoz,,22.5,2023.0,0.09,0.13,2.1,1.2,0.36,0.07,21.6,80.3,87.2,86.4,44.8,1.6,16,37.1,1212.0,35.7,919.0,30,12,14,93.0,27.8
93,Máximo Perrone,,14.2,1275.0,0.0,0.0,0.1,0.35,0.07,0.0,24.9,90.2,93.4,91.1,73.3,0.7,19,53.1,1216.0,47.4,911.0,23,11,24,103.0,20.0
94,Enzo Loiodice,,15.3,1375.0,0.0,0.0,0.5,0.92,0.39,0.0,24.7,81.5,88.5,85.8,54.1,1.3,25,37.5,1039.0,48.8,764.0,25,30,11,93.0,52.2
95,Alberto Moleiro,,11.4,1025.0,0.18,0.26,0.6,1.49,0.26,0.12,20.8,77.2,86.0,83.1,42.9,1.5,5,23.8,573.0,52.8,446.0,9,9,6,38.0,16.7
96,Jonathan Viera,,6.9,617.0,0.29,0.15,2.3,1.75,0.58,0.0,24.0,88.9,93.9,89.2,50.0,1.2,3,11.1,565.0,45.5,481.0,3,16,0,28.0,20.0
97,Cristian Herrera,,1.7,155.0,0.58,0.0,0.9,0.58,0.58,1.0,3.8,91.4,96.8,91.7,,0.1,1,50.0,107.0,50.0,84.0,3,2,0,9.0,0.0
98,José Campaña,,1.1,101.0,0.0,0.0,0.0,0.89,0.0,0.0,28.8,83.0,92.9,96.2,36.4,0.0,2,0.0,110.0,50.0,77.0,0,3,1,11.0,100.0
99,Omenuke Mfulu,,0.9,82.0,0.0,0.0,0.0,0.0,0.0,,,88.3,92.9,96.2,0.0,0.0,3,0.0,77.0,100.0,50.0,0,2,2,7.0,42.9
100,Benito Ramírez,,1.9,175.0,0.51,0.0,0.3,3.09,1.03,0.17,21.9,67.0,94.6,60.0,23.8,0.1,2,50.0,129.0,0.0,90.0,2,1,1,12.0,0.0
101,Iñaki González,,0.1,5.0,0.0,0.0,0.0,0.0,0.0,,,100.0,100.0,100.0,,0.0,0,,7.0,,4.0,0,0,0,0.0,
102,Fabio González,,0.0,2.0,0.0,0.0,0.0,0.0,0.0,,,100.0,100.0,100.0,,0.0,0,,7.0,,6.0,0,0,0,1.0,
103,Aimar Oroz,,23.1,2077.0,0.04,0.04,2.5,0.87,0.17,0.0,18.4,81.3,86.5,87.8,67.2,2.0,25,36.1,1155.0,52.2,821.0,38,40,13,127.0,32.7
104,Moi Gómez,,17.1,1536.0,0.12,0.0,1.3,0.76,0.35,0.15,20.3,80.5,88.7,86.5,59.0,1.2,17,39.1,1051.0,56.5,758.0,26,24,9,100.0,40.9
105,Lucas Torró,,15.2,1371.0,0.0,0.0,1.0,1.44,0.26,0.0,25.1,74.7,80.1,79.3,56.1,0.4,12,33.3,744.0,75.0,400.0,32,14,28,93.0,64.9
106,Jon Moncayola,,14.7,1323.0,0.0,0.14,0.4,0.88,0.27,0.0,24.0,76.0,88.3,81.4,52.9,2.1,15,45.2,890.0,62.5,573.0,19,8,12,69.0,54.2
107,Iker Muñoz,,11.9,1073.0,0.17,0.0,0.6,1.26,0.25,0.13,23.1,74.2,84.3,77.2,53.3,0.3,11,50.0,726.0,25.0,442.0,19,32,6,63.0,57.1
108,Ezequiel Ávila,,9.6,864.0,0.1,0.31,2.0,2.81,0.62,0.04,21.2,62.5,77.0,63.6,54.1,2.7,2,27.3,474.0,27.8,314.0,8,20,4,37.0,33.3
109,Pablo Ibáñez,,7.8,704.0,0.13,0.13,2.1,2.81,0.77,0.05,17.8,75.4,79.5,83.5,45.5,1.0,8,38.5,396.0,22.2,251.0,17,9,5,41.0,44.7
110,José Arnaiz,,6.4,579.0,0.16,0.16,1.4,3.42,1.09,0.05,22.6,74.2,88.3,76.6,51.6,1.5,5,14.3,273.0,44.4,178.0,5,14,3,33.0,42.9
111,Kike Barja,,3.4,303.0,0.0,0.0,0.2,1.19,0.59,0.0,14.1,72.8,88.0,70.6,47.1,0.4,2,37.5,165.0,50.0,128.0,8,4,2,16.0,37.5
112,Darko Brašanac,,0.5,48.0,0.0,0.0,0.0,0.0,0.0,,,60.0,71.4,50.0,50.0,0.0,0,100.0,17.0,,13.0,1,0,0,0.0,50.0
113,Alex Baena,,20.8,1869.0,0.1,0.43,5.3,2.5,0.96,0.04,20.2,70.5,85.3,74.5,52.5,6.6,14,36.4,1114.0,35.9,793.0,38,43,10,96.0,35.3
114,Daniel Parejo,,20.9,1882.0,0.1,0.19,1.9,0.29,0.14,0.0,28.0,87.8,93.9,94.3,68.0,3.1,23,44.1,1505.0,56.5,1084.0,14,43,12,129.0,75.9
115,Étienne Capoue,,14.7,1327.0,0.07,0.07,0.9,0.88,0.34,0.08,15.3,86.2,91.7,88.5,69.1,0.9,17,66.7,915.0,52.8,670.0,20,39,21,82.0,55.3
116,Alberto Moreno,,13.1,1181.0,0.08,0.08,0.6,0.99,0.23,0.08,20.5,79.3,88.4,83.7,58.5,1.3,17,33.3,690.0,55.6,397.0,21,13,19,60.0,42.9
117,Santi Comesaña,,12.5,1126.0,0.16,0.0,1.4,0.96,0.4,0.17,13.7,86.8,90.6,87.7,67.4,0.9,17,44.8,718.0,50.0,476.0,25,18,18,61.0,52.3
118,Ilias Akhomach,,12.7,1139.0,0.08,0.16,2.1,1.5,0.32,0.05,19.1,75.9,86.1,72.8,44.4,1.6,19,64.3,560.0,43.8,406.0,32,26,9,53.0,30.0
119,Adrià Altimira,,8.6,775.0,0.0,0.0,0.0,0.12,0.0,0.0,27.2,83.7,86.5,88.1,73.8,0.2,7,37.5,552.0,68.8,329.0,12,4,5,42.0,22.2
120,José Luis Morales,,9.9,892.0,0.61,0.0,4.7,2.02,0.91,0.3,12.6,69.9,84.0,63.3,64.3,0.8,3,25.0,276.0,27.6,195.0,3,4,6,31.0,10.0
121,Yeremi Pino,,5.3,475.0,0.0,0.0,1.4,1.71,0.76,0.0,12.5,80.1,85.3,87.5,64.7,0.5,18,50.0,261.0,52.9,166.0,22,9,5,29.0,44.4
122,Francis Coquelin,,6.3,567.0,0.0,0.0,0.0,0.0,0.0,,,87.9,91.5,91.2,77.8,0.4,5,37.5,314.0,33.3,190.0,8,5,14,29.0,61.5
123,Ramón Terrats,,6.9,618.0,0.0,0.15,0.3,1.02,0.15,0.0,21.9,79.8,89.0,88.1,42.4,0.7,6,12.5,389.0,45.0,280.0,13,13,3,29.0,50.0
124,Gonçalo Guedes,,3.8,341.0,0.53,0.53,1.0,3.43,1.32,0.15,19.5,75.6,83.6,81.3,55.6,0.4,2,50.0,159.0,80.0,119.0,0,6,0,7.0,11.1
125,Ben Brereton,,3.0,270.0,0.0,0.0,0.2,1.67,0.33,0.0,18.1,74.3,73.0,85.2,75.0,0.2,2,0.0,109.0,20.0,91.0,5,4,0,13.0,33.3
126,Bertrand Traoré,,1.7,154.0,0.0,0.0,0.1,2.34,1.17,0.0,23.6,79.6,84.6,80.0,66.7,0.3,1,100.0,68.0,28.6,50.0,2,4,0,4.0,50.0
127,Manu Trigueros,,2.3,211.0,0.0,0.0,0.5,2.13,1.28,0.0,18.0,81.7,84.6,90.7,75.0,0.2,4,50.0,136.0,0.0,98.0,4,2,2,9.0,80.0
128,Denis Suárez,,1.5,133.0,0.0,0.0,0.1,0.68,0.0,0.0,11.5,84.0,88.4,89.5,62.5,0.6,0,0.0,114.0,50.0,79.0,4,2,0,8.0,0.0
129,Nemanja Maksimović,,26.4,2377.0,0.15,0.0,3.8,1.1,0.49,0.14,12.1,80.3,86.9,79.2,54.3,1.3,33,57.1,1016.0,30.0,489.0,16,9,39,113.0,57.1
130,Djené,,19.8,1780.0,0.0,0.0,0.1,0.2,0.0,0.0,28.5,75.7,85.4,80.5,53.3,0.5,12,55.6,931.0,73.9,457.0,43,26,16,123.0,55.1
131,Mason Greenwood,,19.6,1762.0,0.31,0.26,5.2,3.22,1.02,0.06,21.0,71.1,83.9,75.3,51.6,2.7,2,20.0,870.0,51.3,689.0,30,22,3,85.0,23.5
132,Jaime Mata,,14.1,1273.0,0.28,0.07,3.2,1.48,0.49,0.19,14.7,64.2,78.7,56.1,34.3,1.3,14,43.5,571.0,44.4,406.0,42,17,15,48.0,50.0
133,Luis Milla,,15.0,1348.0,0.0,0.07,0.3,0.6,0.27,0.0,24.0,76.4,89.4,78.7,59.4,1.7,24,51.6,917.0,38.5,490.0,28,23,23,115.0,59.5
134,Carles Aleñá,,9.5,851.0,0.11,0.11,1.1,1.48,0.53,0.07,18.7,76.1,86.5,78.8,62.0,0.9,6,37.5,441.0,18.2,286.0,15,15,3,43.0,35.7
135,Carmona,,8.3,751.0,0.12,0.12,0.4,1.2,0.24,0.1,16.5,72.7,89.3,64.6,48.0,0.5,8,14.3,359.0,20.0,183.0,26,11,11,45.0,44.4
136,Jordi,,5.3,473.0,0.0,0.0,1.3,1.33,0.57,0.0,12.9,59.8,76.9,55.9,31.3,0.4,10,53.8,276.0,33.3,168.0,15,5,7,29.0,34.6
137,Mauro Arambarri,,3.8,339.0,0.0,0.0,0.5,2.39,0.53,0.0,21.7,80.3,87.3,85.7,72.0,0.1,2,16.7,188.0,33.3,104.0,18,3,2,27.0,38.5
138,Ilaix Moriba,,2.6,238.0,0.0,0.0,0.0,0.0,0.0,,,75.3,78.0,85.7,71.4,0.1,1,40.0,110.0,60.0,63.0,9,10,3,9.0,57.1
139,Óscar Rodríguez Arnaiz,,4.1,370.0,0.24,0.0,0.6,2.92,0.97,0.08,25.8,75.8,82.2,79.0,70.3,0.4,5,40.0,295.0,41.7,211.0,10,6,4,31.0,22.2
140,Jesús Santiago,,1.9,173.0,0.0,0.0,0.0,0.0,0.0,,,70.0,82.1,66.7,50.0,0.1,1,33.3,61.0,0.0,37.0,6,1,0,8.0,50.0
141,Enes Ünal,,1.6,140.0,0.0,0.64,0.1,0.64,0.0,0.0,18.5,68.6,72.7,66.7,50.0,0.4,0,,49.0,50.0,37.0,5,5,0,5.0,18.8
142,Fabrizio Angileri,,1.1,101.0,0.0,0.0,0.0,0.0,0.0,,,62.1,74.1,63.6,41.7,0.2,0,0.0,78.0,33.3,40.0,0,1,2,11.0,50.0
143,Anthony Lozano,,1.0,92.0,0.0,0.0,0.2,3.91,0.0,0.0,15.2,62.5,75.0,50.0,100.0,0.2,0,0.0,33.0,25.0,24.0,6,1,0,2.0,50.0
144,Ander Guevara,,26.4,2379.0,0.04,0.0,0.7,0.61,0.08,0.06,23.2,75.9,83.5,78.2,61.6,1.3,26,48.1,1452.0,56.7,908.0,42,27,12,192.0,51.4
145,Luis Rioja,,24.4,2194.0,0.16,0.16,5.0,1.85,0.49,0.02,21.6,64.6,80.5,69.4,42.6,4.1,18,40.6,995.0,57.4,640.0,21,18,16,117.0,33.3
146,Jon Guridi,,22.4,2016.0,0.0,0.18,2.4,1.21,0.13,0.0,13.3,78.0,84.0,84.8,58.9,2.4,18,22.2,829.0,36.7,548.0,14,22,13,104.0,46.1
147,Antonio Blanco,,19.5,1752.0,0.0,0.05,0.8,0.92,0.15,0.0,25.9,77.3,86.1,81.7,55.7,0.8,28,37.3,949.0,56.0,561.0,23,30,24,126.0,51.7
148,Alex Sola,,11.7,1051.0,0.0,0.17,1.5,2.14,0.43,0.0,17.1,61.2,83.6,66.4,35.5,1.8,14,57.9,514.0,60.6,311.0,10,21,9,66.0,53.6
149,Kiké,,11.2,1005.0,0.27,0.0,5.6,3.76,1.52,0.07,13.3,67.0,70.9,70.1,61.5,0.9,2,44.4,376.0,55.0,296.0,16,30,0,40.0,44.4
150,Abderrahman Rebbach,,7.0,634.0,0.14,0.0,0.8,2.27,0.57,0.06,18.7,54.4,76.4,59.6,34.2,1.4,4,33.3,298.0,35.0,171.0,12,8,3,29.0,31.6
151,Ianis Hagi,,6.4,579.0,0.0,0.16,2.6,3.11,0.78,0.0,20.0,62.9,80.7,63.0,50.0,1.5,8,30.0,306.0,45.5,199.0,7,17,2,16.0,50.0
152,Carlos Benavídez,,7.4,670.0,0.13,0.13,0.5,0.94,0.4,0.14,20.9,68.9,81.3,71.3,46.9,0.3,19,57.9,387.0,50.0,167.0,26,6,14,44.0,51.0
153,Carlos Vicente,,5.4,485.0,0.0,0.37,0.9,1.48,0.37,0.0,13.9,55.0,60.3,72.7,40.6,0.6,3,60.0,228.0,42.1,140.0,7,12,2,18.0,40.0
154,Xeber,,3.0,273.0,0.0,0.0,0.4,1.65,0.0,0.0,16.4,68.1,89.4,72.7,37.5,0.5,4,33.3,124.0,42.9,77.0,9,0,1,16.0,33.3
155,Miguel,,0.7,65.0,0.0,0.0,0.1,2.77,1.38,0.0,19.6,46.7,50.0,50.0,0.0,0.0,0,,22.0,,14.0,2,3,0,3.0,33.3
156,Mamadou Sylla,,0.2,18.0,0.0,0.0,0.0,0.0,0.0,,,42.9,25.0,100.0,100.0,0.0,0,,13.0,0.0,8.0,1,2,0,1.0,50.0
157,Jon Karrikaburu,,0.2,16.0,0.0,0.0,0.0,0.0,0.0,,,40.0,0.0,100.0,100.0,0.0,0,,8.0,,6.0,1,0,0,2.0,
158,Tomás Mendes,,0.1,6.0,0.0,0.0,0.0,0.0,0.0,,,66.7,50.0,100.0,,0.0,0,,7.0,,5.0,0,0,0,2.0,
159,Unai Ropero,,0.1,5.0,0.0,0.0,0.0,0.0,0.0,,,80.0,100.0,100.0,,0.0,0,,7.0,0.0,3.0,1,0,0,0.0,
160,Victor Parada,,0.0,3.0,0.0,0.0,0.0,0.0,0.0,,,,,,,0.0,1,100.0,2.0,,1.0,0,0,0,0.0,
161,Lucas Ocampos,25.0,23.0,2072.0,0.17,0.09,4.2,2.22,0.87,0.06,16.0,64.2,76.6,64.8,40.7,2.7,29,53.3,1217.0,41.2,854.0,25,53,12,113.0,51.1
162,Djibril Sow,23.0,16.1,1450.0,0.06,0.06,1.5,1.12,0.31,0.06,17.7,85.9,89.0,90.9,73.1,1.1,21,37.5,828.0,62.5,570.0,27,19,17,70.0,41.9
163,Boubakary Soumaré,19.0,16.4,1477.0,0.0,0.0,0.0,0.06,0.0,0.0,19.6,89.8,91.1,93.4,81.0,0.3,19,46.7,1007.0,70.0,719.0,26,17,17,118.0,65.2
164,Ivan Rakitić,18.0,15.8,1425.0,0.13,0.06,1.3,2.02,0.44,0.06,26.9,75.0,86.7,80.7,56.0,4.1,16,57.9,1251.0,40.0,797.0,16,19,14,117.0,48.0
165,Óliver Torres,23.0,14.4,1295.0,0.0,0.07,0.4,0.49,0.21,0.0,19.7,81.1,90.7,83.7,51.1,2.4,16,38.0,858.0,50.0,590.0,22,21,5,106.0,31.3
166,Suso,23.0,13.6,1220.0,0.07,0.22,1.2,1.77,0.44,0.04,24.8,76.4,89.8,77.8,58.6,4.5,13,35.7,884.0,60.5,647.0,16,27,4,68.0,42.9
167,Fernando,8.0,5.1,459.0,0.0,0.0,0.0,0.2,0.0,0.0,16.2,86.4,91.6,89.9,75.0,0.3,8,55.6,288.0,66.7,186.0,6,3,7,35.0,55.6
168,Érik Lamela,9.0,4.2,381.0,0.47,0.0,0.9,1.89,0.94,0.25,13.8,82.0,88.9,84.1,20.0,0.6,11,61.5,207.0,46.2,134.0,15,3,1,19.0,37.5
169,Joan Jordán,5.0,3.9,347.0,0.0,0.0,0.2,1.3,0.26,0.0,24.0,86.7,91.5,90.9,82.6,0.1,6,42.9,252.0,100.0,156.0,1,3,4,19.0,57.1
170,Rafa Mir,15.0,4.3,391.0,0.46,0.0,1.4,3.45,1.61,0.13,16.9,69.3,78.0,80.0,40.0,0.1,2,50.0,136.0,33.3,93.0,9,5,1,12.0,38.7
171,Lucien Agoume,3.0,1.7,153.0,0.0,0.0,0.0,0.59,0.0,0.0,26.5,79.5,87.2,83.3,71.4,0.0,3,100.0,89.0,,45.0,2,0,2,13.0,75.0
172,Hannibal Mejbri,4.0,1.0,91.0,0.0,0.0,0.0,0.99,0.0,0.0,24.9,84.6,91.7,76.9,100.0,0.0,2,0.0,54.0,50.0,39.0,3,2,0,5.0,0.0
173,Adnan Januzaj,8.0,2.1,193.0,0.0,0.0,0.6,2.8,0.47,0.0,16.8,79.5,92.1,82.1,55.6,0.2,3,0.0,119.0,45.5,92.0,3,9,1,9.0,75.0
174,Manuel Sebastián,2.0,0.2,21.0,0.0,0.0,0.0,0.0,0.0,,,86.7,85.7,100.0,75.0,0.0,0,100.0,20.0,,16.0,1,0,0,3.0,0.0
175,Jesús Corona,2.0,0.2,17.0,0.0,0.0,0.0,0.0,0.0,,,64.3,85.7,50.0,0.0,0.0,0,,17.0,100.0,13.0,1,0,1,2.0,
176,Dani Rodríguez,,22.1,1985.0,0.09,0.18,1.2,1.09,0.18,0.08,20.3,67.7,83.7,71.5,41.2,3.8,21,48.8,986.0,39.7,567.0,50,31,12,122.0,32.8
177,Samu Costa,,20.9,1880.0,0.05,0.05,1.0,0.91,0.14,0.05,20.0,76.3,82.7,82.8,65.6,0.8,41,47.4,1151.0,52.2,631.0,55,42,30,141.0,64.5
178,Antonio Sánchez,,12.7,1143.0,0.24,0.08,2.5,1.65,0.71,0.14,19.6,68.2,80.1,77.7,50.0,1.5,8,35.7,586.0,60.0,344.0,19,12,9,96.0,31.6
179,Sergi Darder,,18.1,1628.0,0.0,0.17,1.1,1.05,0.28,0.0,21.7,71.0,88.2,77.8,49.1,3.8,21,38.1,900.0,51.1,562.0,15,29,15,106.0,41.2
180,Manu Morlanes,,12.7,1143.0,0.0,0.08,0.8,0.79,0.24,0.0,16.2,81.7,86.9,88.0,70.5,1.6,20,43.2,659.0,88.9,413.0,12,17,11,90.0,55.2
181,Omar Mascarell,,11.7,1051.0,0.0,0.0,0.2,0.34,0.0,0.0,20.8,81.2,85.8,87.9,66.3,0.2,13,50.0,615.0,83.3,332.0,25,10,23,67.0,57.8
182,Amath,,4.4,394.0,0.0,0.0,1.6,2.74,0.46,0.0,14.1,67.3,76.4,63.2,75.0,0.3,6,20.0,198.0,32.0,130.0,10,7,3,21.0,54.5
183,Nemanja Radonjić,,0.9,80.0,0.0,0.0,1.1,4.5,3.38,0.0,18.9,59.3,68.8,50.0,50.0,0.1,0,0.0,50.0,62.5,42.0,1,1,1,2.0,66.7
184,Javier Llabrés,,1.9,173.0,0.52,0.0,0.6,3.12,1.04,0.17,16.2,66.2,78.6,65.4,50.0,0.2,0,100.0,103.0,80.0,60.0,5,0,1,11.0,40.0
185,Isaac Palazón Camacho,27.0,23.2,2088.0,0.13,0.04,4.5,2.16,1.03,0.02,23.1,67.8,83.0,71.8,40.4,1.7,18,35.0,1231.0,39.1,824.0,24,55,15,110.0,32.9
186,Óscar Valentín,25.0,23.0,2069.0,0.04,0.0,1.3,0.52,0.26,0.08,10.9,80.2,87.1,83.9,60.4,0.6,45,47.9,1231.0,50.0,696.0,53,31,25,126.0,40.6
187,Álvaro García,24.0,21.9,1968.0,0.27,0.05,4.2,1.46,0.59,0.19,16.8,61.7,80.1,62.6,26.4,2.5,19,20.7,865.0,37.5,538.0,22,19,28,82.0,36.4
188,Unai López,25.0,16.9,1523.0,0.06,0.12,0.9,1.24,0.24,0.05,26.7,82.3,94.0,87.1,55.2,2.0,16,39.5,1175.0,54.8,780.0,44,17,9,130.0,42.1
189,Óscar Trejo,23.0,11.2,1006.0,0.0,0.0,0.7,1.07,0.18,0.0,19.2,81.9,89.5,82.7,55.6,1.0,12,64.7,727.0,34.3,549.0,31,23,4,65.0,40.9
190,Pathé Ciss,22.0,13.4,1202.0,0.07,0.0,1.4,1.35,0.45,0.06,21.8,81.8,84.3,88.8,70.4,0.5,13,61.9,802.0,78.9,453.0,18,22,23,95.0,55.7
191,Kike Pérez,22.0,9.1,819.0,0.11,0.0,1.9,1.43,0.55,0.08,18.7,75.7,90.6,73.6,57.1,0.7,11,50.0,487.0,20.7,333.0,42,32,8,54.0,28.6
192,Jorge de Frutos,26.0,9.7,875.0,0.1,0.0,1.8,1.54,0.62,0.07,17.8,71.6,80.6,76.4,54.2,0.6,1,11.1,388.0,25.8,257.0,11,16,4,48.0,30.0
193,Pep Chavarría,13.0,6.4,575.0,0.0,0.16,0.7,1.1,0.0,0.0,18.1,75.7,84.2,80.7,42.4,0.5,6,100.0,440.0,40.0,294.0,7,10,3,35.0,41.7
194,Randy Ntekja,11.0,5.2,468.0,0.19,0.19,1.6,1.73,0.58,0.0,18.9,70.0,77.4,67.6,100.0,0.6,1,42.9,216.0,46.7,147.0,12,13,2,19.0,52.4
195,Crespo,6.0,2.6,233.0,0.0,0.0,0.0,0.0,0.0,,,84.2,88.7,81.6,62.5,0.4,6,71.4,172.0,88.9,123.0,11,11,6,11.0,80.0
196,Bebé,15.0,1.6,145.0,1.24,0.0,1.3,6.21,1.86,0.1,31.2,58.1,67.9,69.6,38.1,0.4,2,25.0,105.0,52.9,73.0,0,1,0,10.0,25.0
197,Salvi,1.0,0.3,28.0,0.0,0.0,0.0,0.0,0.0,,,83.3,100.0,80.0,50.0,0.0,0,0.0,14.0,100.0,13.0,0,1,1,1.0,
198,José Pozo,1.0,0.1,9.0,0.0,0.0,0.0,0.0,0.0,,,100.0,100.0,100.0,,0.0,0,,10.0,,8.0,0,1,0,0.0,
199,Diego Méndez,1.0,0.1,5.0,0.0,0.0,0.0,0.0,0.0,,,100.0,100.0,100.0,,0.0,1,100.0,3.0,,0.0,1,0,1,1.0,100.0
200,Óscar Mingueza,28.0,23.8,2143.0,0.08,0.08,2.2,0.97,0.46,0.09,19.3,71.3,86.6,71.8,43.9,4.4,26,44.3,1452.0,39.2,895.0,16,36,14,118.0,46.4
201,Luca de la Torre,26.0,20.1,1813.0,0.05,0.2,1.9,1.04,0.35,0.05,16.2,80.4,89.7,85.6,50.0,1.4,19,51.3,871.0,31.0,602.0,37,18,11,105.0,24.5
202,Fran Beltrán,23.0,17.9,1615.0,0.0,0.0,0.4,0.61,0.06,0.0,27.3,83.7,88.9,86.9,59.7,1.1,21,39.1,965.0,53.8,594.0,21,13,15,116.0,26.7
203,Jonathan Bamba,20.0,17.3,1555.0,0.12,0.06,2.6,2.03,0.69,0.06,19.1,76.2,87.7,72.8,51.7,2.7,8,7.1,811.0,44.0,616.0,10,51,12,83.0,24.0
204,Renato Tapia,18.0,13.6,1221.0,0.0,0.0,0.8,1.33,0.07,0.0,21.4,74.9,87.6,81.1,52.9,0.6,25,50.0,841.0,73.0,455.0,22,25,17,102.0,54.9
205,Mihailo Ristić,11.0,8.5,763.0,0.0,0.0,0.3,1.06,0.47,0.0,23.2,71.1,87.1,79.2,28.8,0.5,9,75.0,575.0,27.3,295.0,10,14,9,63.0,56.3
206,Carlos Dotor,16.0,7.7,692.0,0.0,0.0,0.2,0.52,0.0,0.0,22.9,82.0,90.1,80.6,60.9,0.3,7,30.8,401.0,100.0,272.0,14,10,4,47.0,38.5
207,Franco Cervi,12.0,5.3,477.0,0.0,0.0,0.2,0.94,0.19,0.0,23.6,77.0,89.6,81.3,52.9,1.1,14,50.0,303.0,0.0,164.0,5,17,7,43.0,45.5
208,Javier Manquillo,5.0,4.6,412.0,0.0,0.22,0.1,0.22,0.0,0.0,13.5,74.2,85.9,74.7,9.1,0.4,6,63.6,241.0,50.0,122.0,11,2,1,12.0,68.8
209,Carles Pérez,9.0,4.9,441.0,0.0,0.0,0.5,2.24,0.2,0.0,22.0,73.4,83.3,82.9,35.7,0.6,3,44.4,201.0,44.4,147.0,15,8,4,21.0,22.2
210,Hugo Sotelo,11.0,3.7,335.0,0.0,0.0,0.2,1.07,0.27,0.0,25.4,85.7,96.0,86.8,53.3,0.3,7,28.6,306.0,50.0,229.0,8,3,1,30.0,0.0
211,Jailson Siqueira,6.0,3.4,308.0,0.0,0.29,0.0,0.29,0.29,0.0,28.5,68.8,78.0,75.8,33.3,0.1,5,75.0,156.0,62.5,64.0,7,7,8,26.0,27.8
212,Tadeo Allende,6.0,2.8,248.0,0.36,0.0,0.6,2.18,0.36,0.17,21.0,59.7,76.5,52.6,66.7,0.1,1,75.0,107.0,33.3,72.0,2,3,2,16.0,55.6
213,Miguel Rodríguez,11.0,2.1,190.0,0.0,0.0,0.1,1.89,0.0,0.0,26.7,68.5,85.0,44.4,20.0,0.1,2,33.3,106.0,25.0,74.0,9,6,2,7.0,11.1
214,Williot Swedberg,10.0,1.5,133.0,2.03,0.0,1.4,3.38,2.03,0.6,13.1,70.6,68.8,81.8,100.0,0.0,3,60.0,63.0,71.4,35.0,1,5,0,8.0,66.7
215,Hugo Álvarez,3.0,0.4,37.0,0.0,0.0,0.1,2.43,0.0,0.0,11.6,86.8,95.2,85.7,50.0,0.1,1,50.0,44.0,66.7,27.0,0,0,1,7.0,0.0
216,Rubén Alcaraz,,24.8,2234.0,0.08,0.0,2.0,1.29,0.24,0.03,23.8,79.1,91.0,87.3,55.3,0.9,38,37.0,1344.0,40.0,748.0,64,50,26,160.0,50.0
217,Chris Ramos,,22.0,1979.0,0.23,0.05,5.8,2.36,0.77,0.1,11.9,56.6,64.6,53.8,46.2,1.1,12,22.7,702.0,25.0,498.0,48,40,8,50.0,50.4
218,Iván Alejo,,17.4,1563.0,0.0,0.12,0.5,0.58,0.12,0.0,22.3,50.7,70.7,46.9,40.2,2.5,17,30.2,623.0,36.4,375.0,46,43,4,78.0,50.0
219,Roberto Navarro,,12.2,1098.0,0.0,0.08,1.2,1.23,0.25,0.0,17.4,66.1,86.1,60.0,33.3,1.4,20,44.4,575.0,43.7,349.0,12,20,11,76.0,39.1
220,Gonzalo Escalante,,13.7,1229.0,0.0,0.15,0.7,0.59,0.07,0.0,19.1,73.8,82.3,77.6,53.7,1.1,18,41.0,628.0,40.0,337.0,26,11,19,71.0,51.1
221,Rubén Sobrino,,12.3,1103.0,0.0,0.08,0.9,0.98,0.16,0.0,18.3,71.7,86.1,66.7,60.9,1.4,21,45.7,558.0,39.3,331.0,30,26,11,87.0,56.3
222,Darwin Machís,,8.3,750.0,0.48,0.0,1.4,2.28,1.08,0.16,24.0,61.4,83.7,64.5,36.8,1.0,13,52.2,369.0,40.0,212.0,12,13,3,51.0,25.0
223,Álex Fernández,,10.0,902.0,0.0,0.0,0.3,0.6,0.1,0.0,23.1,82.4,91.7,86.4,60.4,1.0,3,50.0,522.0,60.0,303.0,4,10,11,61.0,50.0
224,Rominigue Kouamé,,7.6,686.0,0.0,0.0,0.1,0.39,0.0,0.0,24.5,86.9,87.0,89.7,89.7,0.2,8,46.2,403.0,66.7,225.0,11,9,13,53.0,63.6
225,Joseba Zaldúa,,3.6,327.0,0.0,0.0,0.0,0.0,0.0,,,64.6,87.9,66.7,29.4,0.1,7,66.7,134.0,0.0,49.0,9,3,1,12.0,50.0
226,Fede San Emeterio,,1.7,152.0,0.59,0.0,0.1,0.59,0.59,1.0,5.0,82.7,86.7,91.3,87.5,0.2,2,25.0,67.0,0.0,37.0,8,3,2,5.0,42.9
227,Sergi Guardiola,,4.1,368.0,0.0,0.24,1.1,2.45,0.73,0.0,18.0,68.2,80.8,72.9,42.9,0.5,4,60.0,203.0,54.5,148.0,14,16,0,21.0,35.7
228,Brian Ocampo,,1.5,139.0,0.0,0.0,0.2,1.94,0.65,0.0,22.0,66.7,77.1,80.0,66.7,0.1,1,50.0,107.0,30.0,75.0,6,8,1,17.0,25.0
229,Álvaro Negredo,,0.6,54.0,0.0,0.0,0.1,5.0,1.67,0.0,29.1,45.5,50.0,100.0,25.0,0.1,0,,32.0,100.0,19.0,0,2,1,2.0,75.0
230,Diadie Samassékou,,0.6,50.0,0.0,0.0,0.0,0.0,0.0,,,96.0,100.0,100.0,100.0,0.0,1,66.7,31.0,,14.0,0,0,2,4.0,75.0
231,José Mari,,0.2,14.0,0.0,0.0,0.0,0.0,0.0,,,76.2,100.0,88.9,50.0,0.0,1,50.0,23.0,,16.0,1,1,0,3.0,
232,Milutin Osmajić,,0.1,5.0,0.0,0.0,0.1,36.0,0.0,0.0,12.8,66.7,100.0,100.0,,0.0,0,,5.0,,5.0,0,0,0,0.0,100.0
233,Moussa Diakité,,0.0,1.0,0.0,0.0,0.0,0.0,0.0,,,,,,,0.0,0,,1.0,0.0,0.0,0,0,0,1.0,
234,Myrto Uzuni,27.0,22.4,2017.0,0.4,0.04,9.9,2.01,0.8,0.13,17.4,76.9,85.3,80.0,60.0,2.5,11,20.0,435.0,46.2,261.0,23,14,3,51.0,16.4
235,Gerard Gumbau,24.0,19.9,1789.0,0.0,0.15,1.0,1.36,0.35,0.0,28.8,73.1,86.7,83.2,52.0,2.9,19,29.4,1184.0,57.1,758.0,38,21,15,82.0,44.8
236,Sergio Ruiz,25.0,19.2,1725.0,0.0,0.1,0.5,0.47,0.05,0.0,18.4,85.3,91.5,90.1,63.2,0.9,33,43.4,1130.0,45.5,773.0,29,51,18,125.0,55.8
237,Bryan Zaragoza,21.0,18.2,1638.0,0.33,0.11,3.8,1.81,0.99,0.15,17.7,55.9,78.4,52.8,30.1,4.2,9,34.8,680.0,41.1,501.0,12,33,3,56.0,30.8
238,Gonzalo Villar,24.0,15.8,1419.0,0.06,0.19,1.6,0.89,0.19,0.07,21.2,81.9,90.8,82.6,62.4,1.4,26,57.6,934.0,60.6,624.0,34,48,6,114.0,62.5
239,Óscar Melendo,21.0,10.8,972.0,0.0,0.0,0.4,0.56,0.19,0.0,14.9,80.5,89.5,82.4,66.7,1.0,5,33.3,455.0,47.4,341.0,12,32,5,47.0,31.6
240,José Callejón,19.0,7.1,637.0,0.0,0.14,1.0,1.41,0.57,0.0,14.2,76.8,92.2,74.0,50.9,0.9,4,37.5,337.0,28.6,212.0,9,17,1,41.0,46.7
241,Antonio Puertas,23.0,7.0,631.0,0.0,0.29,2.3,2.28,0.57,0.0,15.1,72.0,77.4,70.5,57.9,0.6,7,38.5,284.0,50.0,199.0,19,8,5,24.0,38.7
242,Álvaro Carreras,13.0,5.3,475.0,0.0,0.0,0.4,1.33,0.19,0.0,12.3,76.1,83.3,78.1,60.9,0.4,8,45.5,296.0,50.0,182.0,6,11,7,29.0,66.7
243,Facundo Pellistri,5.0,4.7,423.0,0.21,0.21,1.3,1.49,0.64,0.14,11.9,68.3,83.6,75.9,20.0,0.4,6,60.0,165.0,33.3,101.0,2,6,3,17.0,50.0
244,Martin Hongla,6.0,3.7,334.0,0.0,0.0,0.1,0.54,0.0,0.0,17.4,84.5,92.9,87.5,70.6,0.1,1,0.0,201.0,0.0,132.0,4,1,5,26.0,12.5
245,Wilson Manafá,4.0,2.7,240.0,0.0,0.0,0.0,0.37,0.0,0.0,29.4,77.0,91.2,78.8,50.0,0.2,4,57.1,165.0,66.7,84.0,3,0,1,20.0,50.0
246,Víctor Díaz,4.0,1.8,162.0,0.0,0.0,0.0,0.0,0.0,,,63.5,80.0,87.5,35.0,0.0,3,33.3,93.0,100.0,48.0,0,0,1,6.0,75.0
247,Faitout Maouassa,4.0,1.8,160.0,0.0,0.56,0.1,2.25,0.0,0.0,19.4,54.8,65.6,78.9,17.6,0.4,5,80.0,97.0,50.0,47.0,2,3,1,6.0,100.0
248,Kamil Jóźwiak,4.0,1.1,97.0,0.0,0.0,0.1,1.86,0.93,0.0,20.6,60.7,73.3,50.0,50.0,0.1,0,100.0,37.0,0.0,23.0,1,1,0,4.0,44.4
249,Njegoš Petrović,10.0,1.7,157.0,0.0,0.0,0.0,1.15,0.57,0.0,31.9,82.7,87.8,89.7,50.0,0.1,2,66.7,108.0,60.0,69.0,0,1,1,11.0,66.7
250,Famara Diedhiou,8.0,1.0,89.0,0.0,1.01,0.5,5.06,3.03,0.0,18.1,48.8,63.6,33.3,66.7,0.2,1,0.0,68.0,80.0,53.0,6,3,0,5.0,66.7
251,Theo Corbeanu,3.0,0.5,48.0,1.87,0.0,0.3,5.63,3.75,0.33,22.6,66.7,100.0,60.0,71.4,0.1,1,,35.0,0.0,22.0,0,0,1,5.0,
252,Alberto Soro,1.0,0.1,8.0,0.0,0.0,0.0,0.0,0.0,,,100.0,100.0,,,0.0,0,,5.0,,4.0,0,1,0,0.0,0.0
253,Alberto Perea,2.0,0.0,2.0,0.0,0.0,0.0,0.0,0.0,,,85.7,100.0,50.0,,0.0,0,0.0,8.0,0.0,6.0,0,2,0,1.0,
254,Édgar González,,22.1,1990.0,0.09,0.0,2.2,0.54,0.14,0.17,10.3,84.8,90.3,90.4,57.7,0.2,17,52.8,1271.0,66.7,783.0,23,5,27,69.0,57.4
255,Adri Embarba,,19.1,1719.0,0.05,0.0,2.2,2.09,0.79,0.03,25.4,63.7,84.2,67.0,36.3,2.5,24,45.7,937.0,38.9,590.0,28,27,10,103.0,37.5
256,Lucas Robertone,,18.6,1678.0,0.0,0.27,0.8,1.61,0.54,0.0,28.0,77.9,88.2,82.7,56.3,1.8,27,48.6,1194.0,40.0,713.0,29,42,34,119.0,57.9
257,Dion Lopy,,19.1,1717.0,0.0,0.0,1.0,0.94,0.26,0.0,26.0,83.6,85.4,88.4,79.2,0.7,35,38.5,984.0,62.2,606.0,21,34,14,137.0,78.9
258,Sergio Arribas,,19.5,1751.0,0.31,0.15,7.0,2.62,0.87,0.12,17.0,77.2,86.5,84.1,38.7,2.5,15,44.4,814.0,29.3,506.0,12,36,13,77.0,43.9
259,Iddrisu Baba,,15.3,1379.0,0.0,0.0,0.7,0.52,0.13,0.0,25.6,82.9,84.1,88.3,77.6,0.4,25,43.2,803.0,72.2,473.0,29,33,11,119.0,63.0
260,Largie Ramazani,,14.7,1323.0,0.2,0.27,4.0,2.31,0.75,0.09,17.5,59.1,71.0,61.9,44.4,2.0,7,23.1,477.0,38.5,337.0,27,20,25,66.0,12.5
261,Gonzalo Melero,,10.3,931.0,0.0,0.1,1.7,1.16,0.29,0.0,11.2,82.0,85.9,88.5,63.6,0.9,7,42.9,477.0,40.0,333.0,19,16,4,33.0,40.0
262,Alejandro Pozo Pozo,,9.4,845.0,0.0,0.0,0.4,0.43,0.32,0.0,23.3,73.7,87.2,73.6,50.0,0.8,10,55.6,615.0,8.3,356.0,14,6,5,46.0,40.0
263,Luis Javier Suárez,,8.0,718.0,0.5,0.0,5.5,3.89,1.38,0.1,14.3,76.5,79.4,86.2,78.6,0.5,4,25.0,244.0,53.8,166.0,15,14,0,17.0,25.0
264,Jonathan Viera,,3.2,291.0,0.0,0.62,0.5,0.62,0.0,0.0,15.3,81.0,89.0,70.7,60.0,0.3,0,60.0,179.0,20.0,142.0,2,2,0,11.0,100.0
265,Lázaro,,3.2,285.0,0.0,0.0,0.9,2.53,1.26,0.0,18.3,69.0,74.5,82.8,46.2,0.3,1,25.0,152.0,31.3,100.0,3,7,1,13.0,26.7
266,Marko Milovanović,,2.6,231.0,0.39,0.0,1.5,1.56,0.39,0.25,14.9,66.7,71.0,61.5,0.0,0.1,3,33.3,79.0,0.0,52.0,11,2,0,8.0,32.3
267,Marciano Sanca,,0.5,43.0,0.0,0.0,0.0,2.09,0.0,0.0,22.7,58.3,75.0,50.0,0.0,0.0,0,,28.0,,16.0,0,0,0,2.0,50.0
