,Jugador,País,Posc,Edad,90 s,Cmp,Int.,% Cmp,Dist. tot.,Dist. prg.,Cmp,Int.,% Cmp,Cmp,Int.,% Cmp,Cmp,Int.,% Cmp,Ass,xAG,xA,A-xAG,PC,1/3,PPA,CrAP,PrgP,Partidos
0,Federico Valverde,uy URU,CC,25-236,25.4,1542.0,1717.0,89.8,23361.0,6332.0,903.0,947.0,95.4,490.0,545.0,89.9,99.0,147.0,67.3,4,4.5,2.9,-0.5,38.0,195.0,36.0,4.0,197.0,Partidos
1,Antonio Rüdiger,de GER,DF,31-011,23.0,1244.0,1384.0,89.9,23164.0,8169.0,466.0,488.0,95.5,660.0,695.0,95.0,107.0,176.0,60.8,0,0.7,0.7,-0.7,4.0,71.0,9.0,2.0,65.0,Partidos
2,Rodrygo,br BRA,DL,23-065,21.5,731.0,829.0,88.2,8637.0,1590.0,529.0,563.0,94.0,137.0,167.0,82.0,16.0,26.0,61.5,5,3.2,3.2,1.8,37.0,35.0,36.0,4.0,76.0,Partidos
3,Jude Bellingham,eng ENG,"CC,DL",20-259,20.7,1045.0,1193.0,87.6,14954.0,3039.0,670.0,730.0,91.8,291.0,327.0,89.0,53.0,63.0,84.1,3,3.6,3.1,-0.6,37.0,106.0,39.0,1.0,154.0,Partidos
4,Toni Kroos,de GER,CC,34-070,19.1,1864.0,2044.0,91.2,34476.0,12400.0,879.0,907.0,96.9,691.0,734.0,94.1,264.0,352.0,75.0,7,4.1,4.7,2.9,52.0,279.0,19.0,5.0,238.0,Partidos
5,Dani Carvajal,es ESP,DF,32-063,18.3,959.0,1114.0,86.1,15221.0,3514.0,503.0,550.0,91.5,374.0,426.0,87.8,61.0,84.0,72.6,2,2.1,2.7,-0.1,17.0,42.0,22.0,3.0,67.0,Partidos
6,Vinicius Júnior,br BRA,DL,23-246,16.1,376.0,523.0,71.9,5545.0,1131.0,233.0,275.0,84.7,86.0,138.0,62.3,34.0,54.0,63.0,4,2.8,2.6,1.2,22.0,28.0,16.0,1.0,45.0,Partidos
7,Aurélien Tchouaméni,fr FRA,"CC,DF",24-047,17.1,1087.0,1197.0,90.8,17898.0,6070.0,538.0,567.0,94.9,470.0,508.0,92.5,65.0,92.0,70.7,1,0.5,1.1,0.5,8.0,124.0,12.0,4.0,98.0,Partidos
8,Andriy Lunin,ua UKR,PO,25-032,16.0,428.0,482.0,88.8,9127.0,5526.0,107.0,107.0,100.0,253.0,257.0,98.4,65.0,113.0,57.5,0,0.0,0.0,0.0,0.0,2.0,0.0,0.0,0.0,Partidos
9,Ferland Mendy,fr FRA,DF,28-280,14.2,915.0,970.0,94.3,12714.0,3828.0,576.0,591.0,97.5,265.0,287.0,92.3,38.0,44.0,86.4,0,0.8,0.6,-0.8,9.0,54.0,6.0,1.0,69.0,Partidos
10,Eduardo Camavinga,fr FRA,"CC,DF",21-125,14.3,844.0,932.0,90.6,13925.0,3603.0,404.0,429.0,94.2,356.0,384.0,92.7,60.0,75.0,80.0,1,0.8,1.0,0.2,16.0,76.0,10.0,3.0,77.0,Partidos
11,David Alaba,at AUT,DF,31-264,12.8,810.0,904.0,89.6,12977.0,4997.0,447.0,464.0,96.3,297.0,330.0,90.0,49.0,84.0,58.3,1,0.7,0.8,0.3,10.0,56.0,5.0,0.0,51.0,Partidos
12,Nacho,es ESP,DF,34-056,12.9,758.0,821.0,92.3,12705.0,5145.0,358.0,374.0,95.7,345.0,362.0,95.3,45.0,67.0,67.2,0,0.4,0.5,-0.4,4.0,32.0,3.0,1.0,39.0,Partidos
13,Luka Modrić,hr CRO,CC,38-187,12.7,944.0,1095.0,86.2,15659.0,4953.0,507.0,541.0,93.7,296.0,333.0,88.9,108.0,161.0,67.1,4,4.2,3.3,-0.2,42.0,98.0,31.0,4.0,138.0,Partidos
14,Kepa Arrizabalaga,es ESP,PO,29-163,12.0,343.0,401.0,85.5,7789.0,5097.0,82.0,83.0,98.8,201.0,202.0,99.5,60.0,116.0,51.7,0,0.0,0.0,0.0,0.0,1.0,0.0,0.0,0.0,Partidos
15,Fran Garcia,es ESP,DF,24-213,11.4,610.0,722.0,84.5,8821.0,2438.0,379.0,401.0,94.5,198.0,234.0,84.6,23.0,53.0,43.4,4,2.0,1.5,2.0,14.0,34.0,10.0,5.0,51.0,Partidos
16,Brahim Díaz,es ESP,"DL,CC",24-224,11.3,413.0,495.0,83.4,5143.0,1325.0,286.0,307.0,93.2,81.0,104.0,77.9,16.0,31.0,51.6,2,3.6,3.8,-1.6,20.0,24.0,26.0,6.0,44.0,Partidos
17,Joselu,es ESP,DL,33-353,13.4,207.0,280.0,73.9,2658.0,391.0,134.0,170.0,78.8,52.0,70.0,74.3,6.0,9.0,66.7,2,1.5,1.7,0.5,10.0,11.0,2.0,0.0,15.0,Partidos
18,Lucas Vázquez,es ESP,DF,32-257,11.2,691.0,800.0,86.4,9881.0,2490.0,407.0,440.0,92.5,236.0,264.0,89.4,23.0,54.0,42.6,3,3.0,2.7,0.0,23.0,23.0,20.0,5.0,43.0,Partidos
19,Dani Ceballos,es ESP,"CC,DL",27-220,2.6,176.0,204.0,86.3,2435.0,612.0,122.0,131.0,93.1,40.0,49.0,81.6,10.0,15.0,66.7,1,1.2,0.8,-0.2,4.0,18.0,2.0,0.0,19.0,Partidos
20,Éder Militão,br BRA,DF,26-056,0.5,31.0,32.0,96.9,612.0,216.0,11.0,11.0,100.0,17.0,17.0,100.0,3.0,3.0,100.0,0,0.0,0.0,0.0,0.0,2.0,0.0,0.0,1.0,Partidos
21,Arda Güler,tr TUR,"DL,CC",19-018,0.3,22.0,24.0,91.7,317.0,30.0,13.0,13.0,100.0,7.0,8.0,87.5,1.0,1.0,100.0,0,0.0,0.0,0.0,0.0,0.0,0.0,0.0,1.0,Partidos
22,Nicolás Paz,ar ARG,"CC,DL",19-188,0.3,18.0,24.0,75.0,234.0,92.0,9.0,12.0,75.0,6.0,7.0,85.7,1.0,2.0,50.0,0,0.0,0.0,0.0,0.0,3.0,1.0,0.0,6.0,Partidos
23,Gonzalo García,es ESP,"DL,CC",19-356,0.2,4.0,7.0,57.1,35.0,7.0,4.0,6.0,66.7,0.0,0.0,,0.0,0.0,,0,0.0,0.0,0.0,0.0,0.0,0.0,0.0,0.0,Partidos
24,Álvaro Muñoz,uy URU,DL,19-244,0.0,0.0,0.0,,0.0,0.0,0.0,0.0,,0.0,0.0,,0.0,0.0,,0,0.0,0.0,0.0,0.0,0.0,0.0,0.0,0.0,Partidos
25,Total del equipo,,,28.0,28.0,16062.0,18194.0,88.3,258288.0,82995.0,8567.0,9107.0,94.1,5849.0,6448.0,90.7,1207.0,1822.0,66.2,44,39.4,37.7,4.6,367.0,1314.0,305.0,49.0,1494.0,
26,Total del oponente,,,27.8,28.0,10287.0,12498.0,82.3,177200.0,64424.0,5015.0,5488.0,91.4,4061.0,4600.0,88.3,975.0,1753.0,55.6,11,20.5,21.0,-9.5,213.0,730.0,172.0,63.0,888.0,
27,Paulo Gazzaniga,ar ARG,PO,32-072,28.0,798.0,1037.0,77.0,20020.0,14429.0,201.0,202.0,99.5,400.0,405.0,98.8,192.0,420.0,45.7,0,0.7,0.0,-0.7,2.0,12.0,2.0,0.0,0.0,Partidos
28,Aleix García,es ESP,CC,26-260,26.8,1926.0,2197.0,87.7,35553.0,10542.0,906.0,958.0,94.6,714.0,765.0,93.3,256.0,395.0,64.8,6,4.8,5.0,1.2,47.0,217.0,22.0,6.0,211.0,Partidos
29,Miguel Gutiérrez,es ESP,"DF,CC",22-231,26.7,1284.0,1498.0,85.7,19815.0,5435.0,692.0,736.0,94.0,470.0,548.0,85.8,80.0,120.0,66.7,4,5.4,5.2,-1.4,31.0,82.0,44.0,14.0,118.0,Partidos
30,Sávio,br BRA,"CC,DL",19-339,25.1,597.0,799.0,74.7,8400.0,1936.0,358.0,408.0,87.7,183.0,247.0,74.1,26.0,54.0,48.1,7,5.3,7.2,1.7,31.0,20.0,43.0,11.0,62.0,Partidos
31,Iván Martín,es ESP,"CC,DL",25-029,21.7,1038.0,1137.0,91.3,15534.0,3119.0,560.0,599.0,93.5,391.0,415.0,94.2,48.0,59.0,81.4,2,1.6,1.8,0.4,22.0,66.0,11.0,1.0,99.0,Partidos
32,Daley Blind,nl NED,DF,34-005,23.0,1582.0,1781.0,88.8,27168.0,11257.0,717.0,749.0,95.7,755.0,811.0,93.1,91.0,163.0,55.8,2,0.7,1.1,1.3,9.0,184.0,20.0,2.0,153.0,Partidos
33,Artem Dovbyk,ua UKR,DL,26-267,19.3,192.0,272.0,70.6,2209.0,315.0,127.0,160.0,79.4,40.0,59.0,67.8,4.0,5.0,80.0,5,3.7,2.6,1.3,19.0,4.0,8.0,0.0,17.0,Partidos
34,Eric García,es ESP,DF,23-065,19.6,1307.0,1451.0,90.1,23726.0,9348.0,502.0,533.0,94.2,679.0,714.0,95.1,109.0,164.0,66.5,0,0.4,0.8,-0.4,6.0,148.0,9.0,0.0,146.0,Partidos
35,Viktor Tsyhankov,ua UKR,"CC,DL",26-120,17.9,518.0,661.0,78.4,7375.0,2046.0,315.0,359.0,87.7,145.0,182.0,79.7,29.0,52.0,55.8,4,4.8,4.7,-0.8,25.0,32.0,34.0,6.0,59.0,Partidos
36,Yan Couto,br BRA,"DF,CC",21-285,19.1,841.0,1071.0,78.5,13063.0,3223.0,471.0,532.0,88.5,304.0,386.0,78.8,50.0,88.0,56.8,7,3.1,2.9,3.9,24.0,54.0,24.0,12.0,78.0,Partidos
37,Yangel Herrera,ve VEN,CC,26-060,16.8,688.0,798.0,86.2,10207.0,2416.0,395.0,428.0,92.3,220.0,261.0,84.3,42.0,61.0,68.9,0,1.3,1.4,-1.3,12.0,55.0,12.0,5.0,70.0,Partidos
38,David López,es ESP,"DF,CC",34-157,15.0,998.0,1083.0,92.2,18209.0,5998.0,334.0,359.0,93.0,591.0,616.0,95.9,57.0,85.0,67.1,0,0.2,0.3,-0.2,3.0,32.0,1.0,0.0,37.0,Partidos
39,Arnau Martinez,es ESP,DF,20-324,11.0,590.0,653.0,90.4,9361.0,2680.0,286.0,301.0,95.0,271.0,291.0,93.1,21.0,37.0,56.8,2,1.3,1.3,0.7,9.0,50.0,7.0,4.0,49.0,Partidos
40,Portu,es ESP,"CC,DL",31-298,8.9,155.0,202.0,76.7,2122.0,462.0,86.0,101.0,85.1,57.0,66.0,86.4,4.0,12.0,33.3,3,1.4,1.1,1.6,9.0,8.0,6.0,1.0,17.0,Partidos
41,Cristhian Stuani,uy URU,DL,37-154,8.1,76.0,106.0,71.7,912.0,115.0,49.0,64.0,76.6,18.0,25.0,72.0,2.0,4.0,50.0,2,1.3,0.2,0.7,8.0,0.0,0.0,0.0,4.0,Partidos
42,Juanpe,es ESP,DF,32-319,6.7,420.0,461.0,91.1,7916.0,2708.0,140.0,146.0,95.9,242.0,255.0,94.9,34.0,53.0,64.2,0,0.0,0.0,0.0,0.0,6.0,0.0,0.0,13.0,Partidos
43,Pablo Torre,es ESP,"CC,DL",20-346,5.6,267.0,321.0,83.2,4299.0,1220.0,144.0,163.0,88.3,90.0,102.0,88.2,23.0,33.0,69.7,2,0.8,1.2,1.2,10.0,32.0,10.0,0.0,45.0,Partidos
44,Valery Fernández,es ESP,"CC,DF",24-112,5.0,158.0,188.0,84.0,2066.0,346.0,104.0,110.0,94.5,45.0,58.0,77.6,3.0,6.0,50.0,0,0.6,0.4,-0.6,4.0,4.0,6.0,3.0,9.0,Partidos
45,Jhon Solis,co COL,CC,19-163,2.8,126.0,152.0,82.9,1639.0,394.0,81.0,96.0,84.4,36.0,42.0,85.7,2.0,2.0,100.0,0,0.3,0.2,-0.3,2.0,15.0,1.0,0.0,15.0,Partidos
46,Antal Yaakobishvili,hu HUN,DF,19-246,0.7,37.0,42.0,88.1,715.0,266.0,15.0,17.0,88.2,14.0,14.0,100.0,7.0,10.0,70.0,0,0.3,0.1,-0.3,1.0,1.0,0.0,0.0,0.0,Partidos
47,Ibrahima Kebe,ml MLI,CC,23-225,0.1,5.0,8.0,62.5,67.0,10.0,3.0,6.0,50.0,2.0,2.0,100.0,0.0,0.0,,0,0.0,0.0,0.0,0.0,0.0,0.0,0.0,0.0,Partidos
48,Bernardo Espinosa,co COL,DF,34-247,0.0,7.0,8.0,87.5,141.0,46.0,3.0,3.0,100.0,4.0,4.0,100.0,0.0,1.0,0.0,0,0.0,0.0,0.0,0.0,0.0,0.0,0.0,0.0,Partidos
49,Silvi Clúa,es ESP,CC,19-045,0.0,5.0,5.0,100.0,85.0,41.0,1.0,1.0,100.0,4.0,4.0,100.0,0.0,0.0,,0,0.0,0.0,0.0,0.0,1.0,0.0,0.0,0.0,Partidos
50,Jastin García,es ESP,CC,20-059,0.0,0.0,0.0,,0.0,0.0,0.0,0.0,,0.0,0.0,,0.0,0.0,,0,0.0,0.0,0.0,0.0,0.0,0.0,0.0,0.0,Partidos
51,Total del equipo,,,26.7,28.0,13615.0,15931.0,85.5,230602.0,78352.0,6490.0,7031.0,92.3,5675.0,6272.0,90.5,1080.0,1824.0,59.2,46,37.6,37.7,8.4,274.0,1023.0,260.0,65.0,1202.0,
52,Total del oponente,,,28.0,28.0,9695.0,12113.0,80.0,173424.0,65975.0,4438.0,4967.0,89.3,3964.0,4616.0,85.9,1050.0,1893.0,55.5,23,26.3,28.0,-3.3,277.0,796.0,226.0,78.0,937.0,
53,İlkay Gündoğan,de GER,CC,33-142,25.3,1576.0,1859.0,84.8,25622.0,6805.0,807.0,881.0,91.6,610.0,672.0,90.8,124.0,231.0,53.7,6,8.8,8.3,-2.8,78.0,148.0,37.0,4.0,168.0,Partidos
54,Robert Lewandowski,pl POL,DL,35-206,23.0,302.0,433.0,69.7,4099.0,801.0,184.0,236.0,78.0,86.0,123.0,69.9,13.0,22.0,59.1,6,3.5,1.9,2.5,22.0,19.0,16.0,2.0,46.0,Partidos
55,Jules Koundé,fr FRA,DF,25-123,22.9,1740.0,1933.0,90.0,29421.0,9394.0,820.0,869.0,94.4,778.0,833.0,93.4,117.0,169.0,69.2,2,1.4,1.6,0.6,13.0,183.0,12.0,5.0,160.0,Partidos
56,João Cancelo,pt POR,DF,29-292,20.8,1155.0,1414.0,81.7,18648.0,5100.0,644.0,705.0,91.3,403.0,492.0,81.9,86.0,143.0,60.1,3,4.9,5.2,-1.9,29.0,99.0,29.0,9.0,104.0,Partidos
57,Andreas Christensen,dk DEN,"DF,CC",27-339,17.5,1235.0,1298.0,95.1,21232.0,7438.0,543.0,564.0,96.3,601.0,616.0,97.6,73.0,90.0,81.1,2,1.1,0.7,0.9,6.0,95.0,0.0,0.0,95.0,Partidos
58,Frenkie de Jong,nl NED,CC,26-307,17.7,1524.0,1655.0,92.1,23255.0,7045.0,866.0,899.0,96.3,547.0,596.0,91.8,79.0,103.0,76.7,0,2.2,4.9,-2.2,20.0,187.0,34.0,7.0,166.0,Partidos
59,Marc-André ter Stegen,de GER,PO,31-319,18.0,588.0,653.0,90.0,14007.0,10041.0,135.0,135.0,100.0,298.0,307.0,97.1,153.0,206.0,74.3,0,0.0,0.0,0.0,0.0,6.0,0.0,0.0,1.0,Partidos
60,Ronald Araújo,uy URU,DF,25-007,17.9,1151.0,1308.0,88.0,21481.0,7905.0,449.0,480.0,93.5,587.0,630.0,93.2,106.0,172.0,61.6,0,0.7,1.4,-0.7,4.0,101.0,6.0,1.0,88.0,Partidos
61,João Félix,pt POR,DL,24-125,13.4,404.0,497.0,81.3,5482.0,1042.0,266.0,294.0,90.5,104.0,132.0,78.8,16.0,32.0,50.0,2,2.8,2.1,-0.8,16.0,21.0,17.0,1.0,52.0,Partidos
62,Alejandro Balde,es ESP,DF,20-148,15.3,694.0,817.0,84.9,9879.0,2231.0,430.0,473.0,90.9,229.0,264.0,86.7,22.0,42.0,52.4,1,1.2,1.5,-0.2,13.0,26.0,20.0,7.0,41.0,Partidos
63,Lamine Yamal,es ESP,DL,16-245,16.4,568.0,724.0,78.5,8098.0,1985.0,356.0,408.0,87.3,170.0,225.0,75.6,26.0,43.0,60.5,3,4.6,4.8,-1.6,24.0,25.0,40.0,13.0,56.0,Partidos
64,Pedri,es ESP,"CC,DL",21-110,12.1,685.0,800.0,85.6,11756.0,2646.0,305.0,349.0,87.4,298.0,323.0,92.3,64.0,79.0,81.0,2,3.8,3.5,-1.8,28.0,52.0,25.0,4.0,93.0,Partidos
65,Raphinha,br BRA,"DL,CC",27-091,10.1,365.0,487.0,74.9,6335.0,1771.0,184.0,221.0,83.3,120.0,147.0,81.6,50.0,87.0,57.5,6,4.5,4.1,1.5,30.0,30.0,27.0,6.0,45.0,Partidos
66,Gavi,es ESP,"CC,DL",19-222,10.5,489.0,541.0,90.4,7119.0,1400.0,297.0,315.0,94.3,146.0,165.0,88.5,28.0,35.0,80.0,1,1.1,1.4,-0.1,11.0,37.0,8.0,2.0,39.0,Partidos
67,Ferrán Torres,es ESP,DL,24-014,10.4,280.0,365.0,76.7,4121.0,901.0,166.0,200.0,83.0,77.0,100.0,77.0,23.0,30.0,76.7,2,2.2,1.5,-0.2,20.0,22.0,15.0,1.0,34.0,Partidos
68,Iñaki Peña,es ESP,PO,25-012,10.0,259.0,297.0,87.2,5660.0,3681.0,76.0,76.0,100.0,145.0,146.0,99.3,37.0,74.0,50.0,0,0.0,0.0,0.0,0.0,0.0,0.0,0.0,0.0,Partidos
69,Oriol Romeu,es ESP,CC,32-172,8.4,596.0,669.0,89.1,9483.0,2241.0,308.0,329.0,93.6,243.0,266.0,91.4,33.0,50.0,66.0,1,1.3,0.8,-0.3,8.0,64.0,8.0,1.0,56.0,Partidos
70,Iñigo Martínez,es ESP,DF,32-302,8.8,611.0,695.0,87.9,11653.0,3990.0,248.0,263.0,94.3,274.0,297.0,92.3,79.0,113.0,69.9,0,0.0,0.3,0.0,0.0,49.0,3.0,1.0,49.0,Partidos
71,Pau Cubarsí,es ESP,DF,17-052,8.1,651.0,717.0,90.8,11870.0,3718.0,244.0,263.0,92.8,348.0,362.0,96.1,54.0,80.0,67.5,0,0.0,0.1,0.0,1.0,35.0,0.0,0.0,31.0,Partidos
72,Fermin López,es ESP,"CC,DL",20-308,8.9,300.0,365.0,82.2,4322.0,847.0,194.0,210.0,92.4,70.0,88.0,79.5,22.0,34.0,64.7,0,0.5,0.7,-0.5,9.0,29.0,9.0,2.0,41.0,Partidos
73,Sergi Roberto,es ESP,"CC,DF",32-036,4.0,199.0,224.0,88.8,2871.0,659.0,123.0,131.0,93.9,59.0,65.0,90.8,12.0,15.0,80.0,1,0.3,0.3,0.7,4.0,20.0,2.0,1.0,16.0,Partidos
74,Marcos Alonso,es ESP,DF,33-077,1.8,122.0,141.0,86.5,1823.0,385.0,66.0,72.0,91.7,46.0,54.0,85.2,4.0,7.0,57.1,0,0.5,0.3,-0.5,4.0,6.0,3.0,1.0,9.0,Partidos
75,Vitor Roque,br BRA,DL,19-015,2.2,30.0,42.0,71.4,383.0,45.0,22.0,26.0,84.6,6.0,7.0,85.7,1.0,1.0,100.0,0,0.0,0.0,0.0,1.0,3.0,0.0,0.0,1.0,Partidos
76,Héctor Fort,es ESP,DF,17-225,1.1,60.0,67.0,89.6,802.0,173.0,44.0,46.0,95.7,10.0,14.0,71.4,4.0,5.0,80.0,1,0.3,0.2,0.7,2.0,1.0,0.0,0.0,0.0,Partidos
77,Marc Guiu,es ESP,"DL,CC",18-070,0.8,8.0,8.0,100.0,83.0,7.0,3.0,3.0,100.0,3.0,3.0,100.0,0.0,0.0,,0,0.3,0.1,-0.3,1.0,0.0,1.0,0.0,1.0,Partidos
78,Abdessamad Ezzalzouli,ma MAR,"DL,CC",22-088,0.8,23.0,37.0,62.2,289.0,83.0,18.0,23.0,78.3,4.0,8.0,50.0,1.0,4.0,25.0,0,0.1,0.0,-0.1,2.0,0.0,2.0,1.0,1.0,Partidos
79,Eric García,es ESP,DF,23-065,0.6,46.0,48.0,95.8,802.0,308.0,22.0,23.0,95.7,21.0,21.0,100.0,3.0,4.0,75.0,0,0.0,0.0,0.0,0.0,4.0,0.0,0.0,5.0,Partidos
80,Ansu Fati,es ESP,"CC,DL",21-135,0.6,24.0,28.0,85.7,322.0,87.0,15.0,15.0,100.0,7.0,9.0,77.8,1.0,1.0,100.0,0,0.0,0.1,0.0,0.0,2.0,1.0,0.0,4.0,Partidos
81,Total del equipo,,,26.7,28.0,15685.0,18122.0,86.6,260918.0,82729.0,7835.0,8509.0,92.1,6290.0,6965.0,90.3,1231.0,1872.0,65.8,39,45.8,46.0,-6.8,346.0,1264.0,315.0,69.0,1402.0,
82,Total del oponente,,,27.6,28.0,7425.0,9926.0,74.8,133225.0,56610.0,3514.0,4050.0,86.8,2797.0,3358.0,83.3,881.0,1845.0,47.8,28,22.2,21.8,5.8,228.0,600.0,197.0,58.0,748.0,
83,Jan Oblak,si SVN,PO,31-067,28.0,561.0,746.0,75.2,14501.0,10678.0,106.0,106.0,100.0,299.0,304.0,98.4,151.0,329.0,45.9,0,0.0,0.0,0.0,0.0,4.0,0.0,0.0,0.0,Partidos
84,Axel Witsel,be BEL,DF,35-062,23.7,1371.0,1497.0,91.6,23519.0,8933.0,597.0,634.0,94.2,664.0,712.0,93.3,86.0,111.0,77.5,0,0.3,0.2,-0.3,2.0,61.0,0.0,0.0,71.0,Partidos
85,Mario Hermoso,es ESP,DF,28-270,22.6,1357.0,1581.0,85.8,23213.0,8507.0,684.0,724.0,94.5,528.0,592.0,89.2,117.0,208.0,56.3,1,0.7,0.9,0.3,14.0,134.0,18.0,6.0,145.0,Partidos
86,Antoine Griezmann,fr FRA,"DL,CC",32-359,21.6,797.0,1030.0,77.4,12450.0,3169.0,452.0,509.0,88.8,221.0,294.0,75.2,79.0,136.0,58.1,6,4.9,4.7,1.1,35.0,67.0,24.0,2.0,91.0,Partidos
87,Koke,es ESP,CC,32-066,18.6,1455.0,1612.0,90.3,23085.0,7403.0,792.0,829.0,95.5,487.0,532.0,91.5,120.0,163.0,73.6,3,1.8,2.1,1.2,14.0,131.0,26.0,1.0,144.0,Partidos
88,Marcos Llorente,es ESP,"CC,DF",29-044,20.8,698.0,882.0,79.1,9712.0,2622.0,431.0,482.0,89.4,209.0,260.0,80.4,26.0,50.0,52.0,3,4.3,3.5,-1.3,19.0,48.0,28.0,10.0,80.0,Partidos
89,Álvaro Morata,es ESP,DL,31-143,18.5,227.0,326.0,69.6,3185.0,581.0,138.0,179.0,77.1,57.0,79.0,72.2,16.0,26.0,61.5,1,0.7,0.7,0.3,10.0,12.0,6.0,1.0,18.0,Partidos
90,Rodrigo De Paul,ar ARG,CC,29-295,16.8,1004.0,1198.0,83.8,16562.0,5112.0,506.0,550.0,92.0,356.0,419.0,85.0,102.0,144.0,70.8,4,4.6,5.1,-0.6,33.0,102.0,50.0,6.0,155.0,Partidos
91,Samuel Lino,br BRA,DF,24-082,15.7,566.0,707.0,80.1,7835.0,1857.0,366.0,413.0,88.6,149.0,187.0,79.7,29.0,44.0,65.9,2,3.4,2.4,-1.4,23.0,26.0,26.0,3.0,57.0,Partidos
92,Nahuel Molina,ar ARG,DF,25-343,16.5,798.0,1077.0,74.1,12069.0,4472.0,481.0,541.0,88.9,237.0,334.0,71.0,54.0,123.0,43.9,3,2.5,1.8,0.5,15.0,43.0,25.0,11.0,56.0,Partidos
93,Stefan Savić,me MNE,DF,33-066,13.1,603.0,712.0,84.7,10575.0,4343.0,250.0,270.0,92.6,292.0,327.0,89.3,48.0,88.0,54.5,0,0.1,0.5,-0.1,1.0,44.0,5.0,1.0,51.0,Partidos
94,Saúl Ñíguez,es ESP,CC,29-114,13.5,487.0,609.0,80.0,6777.0,1570.0,302.0,345.0,87.5,140.0,172.0,81.4,22.0,44.0,50.0,4,3.1,2.0,0.9,13.0,41.0,8.0,5.0,31.0,Partidos
95,Pablo Barrios,es ESP,CC,20-273,12.6,551.0,664.0,83.0,8877.0,2750.0,293.0,335.0,87.5,211.0,241.0,87.6,38.0,55.0,69.1,1,1.6,0.8,-0.6,9.0,63.0,12.0,0.0,74.0,Partidos
96,Rodrigo Riquelme,es ESP,"DF,CC",23-347,11.7,367.0,478.0,76.8,4999.0,1480.0,227.0,263.0,86.3,98.0,125.0,78.4,20.0,40.0,50.0,4,2.7,3.2,1.3,19.0,17.0,21.0,7.0,40.0,Partidos
97,César Azpilicueta,es ESP,DF,34-199,10.6,617.0,729.0,84.6,9083.0,3615.0,356.0,381.0,93.4,209.0,240.0,87.1,32.0,69.0,46.4,1,2.0,1.5,-1.0,9.0,57.0,9.0,0.0,53.0,Partidos
98,José María Giménez,uy URU,DF,29-054,8.7,326.0,389.0,83.8,6442.0,2823.0,114.0,129.0,88.4,168.0,185.0,90.8,41.0,63.0,65.1,0,0.1,0.0,-0.1,2.0,20.0,0.0,0.0,19.0,Partidos
99,Memphis,nl NED,DL,30-030,8.1,157.0,218.0,72.0,2278.0,576.0,98.0,123.0,79.7,42.0,53.0,79.2,11.0,17.0,64.7,1,1.6,1.4,-0.6,11.0,14.0,6.0,0.0,22.0,Partidos
100,Ángel Correa,ar ARG,"DL,CC",29-005,9.8,241.0,323.0,74.6,3109.0,755.0,159.0,190.0,83.7,51.0,64.0,79.7,14.0,31.0,45.2,2,2.1,2.5,-0.1,19.0,20.0,14.0,1.0,40.0,Partidos
101,Reinildo Mandava,mz MOZ,DF,30-053,4.6,225.0,257.0,87.5,3443.0,1441.0,114.0,128.0,89.1,93.0,103.0,90.3,11.0,17.0,64.7,1,0.6,0.5,0.4,3.0,18.0,1.0,1.0,28.0,Partidos
102,Gabriel Paulista,br BRA,DF,33-109,4.0,213.0,245.0,86.9,4103.0,1791.0,67.0,72.0,93.1,130.0,144.0,90.3,15.0,27.0,55.6,0,0.1,0.0,-0.1,2.0,3.0,0.0,0.0,7.0,Partidos
103,Yannick Carrasco,be BEL,DF,30-192,2.5,65.0,88.0,73.9,1021.0,236.0,42.0,49.0,85.7,13.0,20.0,65.0,8.0,12.0,66.7,1,0.2,0.2,0.8,4.0,2.0,3.0,1.0,6.0,Partidos
104,Thomas Lemar,fr FRA,CC,28-123,1.8,71.0,84.0,84.5,1019.0,285.0,41.0,46.0,89.1,25.0,29.0,86.2,2.0,6.0,33.3,0,0.0,0.1,0.0,1.0,10.0,1.0,0.0,13.0,Partidos
105,Çağlar Söyüncü,tr TUR,DF,27-296,1.3,71.0,81.0,87.7,1249.0,407.0,29.0,31.0,93.5,39.0,43.0,90.7,2.0,5.0,40.0,0,0.0,0.0,0.0,0.0,4.0,1.0,0.0,6.0,Partidos
106,Arthur Vermeeren,be BEL,CC,19-036,0.9,48.0,61.0,78.7,712.0,95.0,28.0,32.0,87.5,19.0,22.0,86.4,0.0,3.0,0.0,0,0.0,0.0,0.0,0.0,3.0,0.0,0.0,4.0,Partidos
107,Javi Galán,es ESP,DF,29-116,1.0,45.0,60.0,75.0,666.0,154.0,24.0,28.0,85.7,19.0,24.0,79.2,1.0,5.0,20.0,0,0.1,0.1,-0.1,2.0,0.0,2.0,1.0,4.0,Partidos
108,Salim El Jebari,ma MAR,CC,20-038,0.1,3.0,4.0,75.0,30.0,3.0,3.0,3.0,100.0,0.0,1.0,0.0,0.0,0.0,,0,0.0,0.0,0.0,0.0,0.0,0.0,0.0,0.0,Partidos
109,Total del equipo,,,29.8,28.0,12924.0,15658.0,82.5,210514.0,75658.0,6700.0,7392.0,90.6,4756.0,5506.0,86.4,1045.0,1816.0,57.5,38,37.4,34.3,0.6,260.0,944.0,286.0,57.0,1215.0,
110,Total del oponente,,,27.6,28.0,11987.0,14656.0,81.8,208907.0,71349.0,5631.0,6241.0,90.2,4972.0,5632.0,88.3,1125.0,2052.0,54.8,22,21.5,24.0,0.5,261.0,987.0,210.0,61.0,1107.0,
111,Unai Simón,es ESP,PO,26-277,28.0,566.0,966.0,58.6,18500.0,15189.0,82.0,83.0,98.8,252.0,257.0,98.1,232.0,621.0,37.4,0,0.0,0.1,0.0,0.0,18.0,0.0,0.0,0.0,Partidos
112,Daniel Vivian,es ESP,DF,24-243,24.7,1020.0,1230.0,82.9,20709.0,7922.0,317.0,359.0,88.3,561.0,625.0,89.8,135.0,219.0,61.6,0,0.7,0.4,-0.7,5.0,63.0,3.0,0.0,79.0,Partidos
113,Gorka Guruzeta,es ESP,DL,27-184,20.7,345.0,524.0,65.8,4833.0,993.0,200.0,271.0,73.8,105.0,152.0,69.1,18.0,34.0,52.9,3,1.6,1.3,1.4,22.0,35.0,11.0,3.0,47.0,Partidos
114,Aitor Paredes,es ESP,DF,23-320,23.7,1018.0,1200.0,84.8,20403.0,7665.0,299.0,335.0,89.3,592.0,639.0,92.6,113.0,193.0,58.5,0,0.1,0.2,-0.1,3.0,53.0,4.0,0.0,79.0,Partidos
115,Iñaki Williams,gh GHA,DL,29-273,23.6,459.0,707.0,64.9,6150.0,1641.0,306.0,389.0,78.7,129.0,199.0,64.8,14.0,45.0,31.1,3,5.6,4.6,-2.6,39.0,18.0,37.0,13.0,52.0,Partidos
116,Oihan Sancet,es ESP,CC,23-324,18.9,546.0,683.0,79.9,7845.0,1872.0,313.0,366.0,85.5,184.0,224.0,82.1,25.0,35.0,71.4,5,4.1,2.6,0.9,37.0,71.0,27.0,2.0,100.0,Partidos
117,Nico Williams,es ESP,DL,21-246,18.0,391.0,562.0,69.6,6183.0,1797.0,214.0,252.0,84.9,136.0,181.0,75.1,30.0,74.0,40.5,7,4.2,5.2,2.8,37.0,18.0,32.0,18.0,41.0,Partidos
118,Iñigo Ruiz de Galarreta,es ESP,CC,30-221,18.2,713.0,910.0,78.4,12279.0,3713.0,334.0,388.0,86.1,302.0,358.0,84.4,61.0,119.0,51.3,1,1.2,1.9,-0.2,16.0,85.0,17.0,4.0,112.0,Partidos
119,Óscar de Marcos,es ESP,DF,34-335,18.5,891.0,1134.0,78.6,14668.0,5904.0,451.0,505.0,89.3,342.0,428.0,79.9,75.0,139.0,54.0,4,2.7,2.8,1.3,17.0,88.0,22.0,17.0,106.0,Partidos
120,Yuri Berchiche,es ESP,DF,34-033,16.7,812.0,1004.0,80.9,13143.0,5299.0,413.0,467.0,88.4,335.0,395.0,84.8,45.0,91.0,49.5,1,1.5,1.8,-0.5,11.0,77.0,12.0,9.0,102.0,Partidos
121,Iñigo Lekue,es ESP,DF,30-315,15.0,643.0,829.0,77.6,11110.0,4410.0,268.0,313.0,85.6,326.0,384.0,84.9,39.0,90.0,43.3,2,0.9,0.6,1.1,12.0,60.0,13.0,5.0,82.0,Partidos
122,Mikel Vesga,es ESP,CC,30-298,13.9,501.0,651.0,77.0,8445.0,2909.0,251.0,295.0,85.1,192.0,232.0,82.8,51.0,88.0,58.0,1,1.2,1.1,-0.2,6.0,56.0,9.0,1.0,75.0,Partidos
123,Álex Berenguer,es ESP,DL,28-254,12.3,265.0,442.0,60.0,4134.0,1265.0,151.0,191.0,79.1,72.0,115.0,62.6,29.0,92.0,31.5,2,2.6,2.8,-0.6,24.0,6.0,13.0,7.0,21.0,Partidos
124,Beñat Prados,es ESP,"CC,DF",23-035,9.8,366.0,446.0,82.1,5523.0,1470.0,201.0,223.0,90.1,142.0,174.0,81.6,15.0,27.0,55.6,0,0.4,0.6,-0.4,7.0,34.0,4.0,1.0,41.0,Partidos
125,Ander Herrera,es ESP,CC,34-213,8.8,466.0,553.0,84.3,7349.0,2093.0,244.0,272.0,89.7,171.0,199.0,85.9,31.0,50.0,62.0,2,1.1,1.6,0.9,9.0,55.0,10.0,1.0,66.0,Partidos
126,Yeray Álvarez,es ESP,DF,29-050,7.2,290.0,358.0,81.0,6075.0,2331.0,82.0,94.0,87.2,169.0,182.0,92.9,36.0,70.0,51.4,0,0.1,0.1,-0.1,3.0,19.0,2.0,0.0,19.0,Partidos
127,Dani García,es ESP,CC,33-295,5.8,195.0,229.0,85.2,3297.0,946.0,89.0,101.0,88.1,81.0,92.0,88.0,17.0,23.0,73.9,0,0.0,0.2,0.0,0.0,19.0,2.0,0.0,25.0,Partidos
128,Unai Gómez,es ESP,CC,20-294,5.6,96.0,139.0,69.1,1532.0,303.0,55.0,68.0,80.9,30.0,46.0,65.2,10.0,18.0,55.6,0,0.3,0.4,-0.3,6.0,8.0,2.0,0.0,14.0,Partidos
129,Imanol,es ESP,DF,23-280,4.4,224.0,268.0,83.6,3595.0,1094.0,124.0,137.0,90.5,80.0,92.0,87.0,15.0,24.0,62.5,0,0.2,0.3,-0.2,2.0,19.0,6.0,3.0,17.0,Partidos
130,Iker Muniain,es ESP,"CC,DL",31-086,4.4,219.0,265.0,82.6,3283.0,921.0,120.0,133.0,90.2,74.0,89.0,83.1,15.0,30.0,50.0,0,0.2,0.9,-0.2,7.0,27.0,6.0,0.0,27.0,Partidos
131,Asier Villalibre,es ESP,DL,26-166,3.8,66.0,95.0,69.5,847.0,144.0,47.0,63.0,74.6,13.0,19.0,68.4,3.0,4.0,75.0,1,0.9,0.6,0.1,7.0,5.0,4.0,0.0,9.0,Partidos
132,Adu Ares,es ESP,"DL,CC",22-154,1.7,45.0,63.0,71.4,710.0,62.0,27.0,32.0,84.4,15.0,21.0,71.4,3.0,7.0,42.9,0,0.0,0.0,0.0,1.0,2.0,0.0,0.0,2.0,Partidos
133,Raúl García,es ESP,"DL,CC",37-247,2.2,32.0,61.0,52.5,420.0,76.0,16.0,29.0,55.2,8.0,16.0,50.0,3.0,4.0,75.0,0,0.0,0.0,0.0,0.0,4.0,0.0,0.0,5.0,Partidos
134,Mikel Jauregizar,es ESP,CC,20-123,0.7,,,,,,,,,,,,,,,0,,,,,,,,,Partidos
135,Peru Nolaskoain,es ESP,"DF,CC",25-141,0.1,5.0,8.0,62.5,103.0,31.0,1.0,1.0,100.0,4.0,5.0,80.0,0.0,1.0,0.0,0,0.0,0.0,0.0,0.0,1.0,0.0,0.0,0.0,Partidos
136,Total del equipo,,,28.0,28.0,10174.0,13327.0,76.3,181136.0,70050.0,4605.0,5367.0,85.8,4315.0,5124.0,84.2,1015.0,2098.0,48.4,32,29.5,30.4,2.5,271.0,841.0,236.0,84.0,1121.0,
137,Total del oponente,,,27.5,28.0,10978.0,14096.0,77.9,196990.0,71439.0,4818.0,5553.0,86.8,4734.0,5540.0,85.5,1123.0,2177.0,51.6,20,22.4,19.5,-2.4,206.0,703.0,173.0,51.0,926.0,
138,Álex Remiro,es ESP,PO,28-356,26.4,715.0,920.0,77.7,19851.0,14245.0,122.0,122.0,100.0,359.0,365.0,98.4,233.0,427.0,54.6,0,0.0,0.0,0.0,1.0,15.0,0.0,0.0,1.0,Partidos
139,Martín Zubimendi,es ESP,CC,25-041,25.7,1144.0,1338.0,85.5,19206.0,5377.0,523.0,586.0,89.2,534.0,594.0,89.9,71.0,109.0,65.1,1,1.2,1.3,-0.2,13.0,115.0,11.0,0.0,125.0,Partidos
140,Igor Zubeldia,es ESP,DF,26-350,24.0,1250.0,1487.0,84.1,25597.0,8040.0,335.0,390.0,85.9,766.0,832.0,92.1,143.0,232.0,61.6,2,1.1,0.8,0.9,9.0,87.0,4.0,0.0,119.0,Partidos
141,Brais Méndez,es ESP,"CC,DL",27-067,22.0,747.0,1002.0,74.6,11720.0,3398.0,406.0,487.0,83.4,240.0,289.0,83.0,65.0,151.0,43.0,4,2.8,3.9,1.2,31.0,84.0,26.0,5.0,99.0,Partidos
142,Robin Le Normand,es ESP,DF,27-124,20.5,1145.0,1291.0,88.7,22452.0,6156.0,359.0,390.0,92.1,649.0,702.0,92.5,128.0,170.0,75.3,0,0.1,0.7,-0.1,3.0,73.0,0.0,0.0,86.0,Partidos
143,Hamari Traoré,ml MLI,DF,32-047,19.1,917.0,1146.0,80.0,16536.0,5240.0,377.0,431.0,87.5,419.0,510.0,82.2,99.0,155.0,63.9,2,1.2,1.9,0.8,22.0,84.0,23.0,8.0,102.0,Partidos
144,Takefusa Kubo,jp JPN,"DL,CC",22-284,18.7,455.0,643.0,70.8,7159.0,2078.0,258.0,300.0,86.0,138.0,194.0,71.1,42.0,91.0,46.2,3,4.6,5.1,-1.6,45.0,25.0,26.0,5.0,65.0,Partidos
145,Mikel Merino,es ESP,CC,27-266,18.6,692.0,910.0,76.0,10564.0,2872.0,385.0,463.0,83.2,231.0,298.0,77.5,50.0,81.0,61.7,3,1.7,2.0,1.3,16.0,76.0,17.0,3.0,103.0,Partidos
146,Mikel Oyarzabal,es ESP,"DL,CC",26-328,16.1,272.0,361.0,75.3,3571.0,697.0,174.0,206.0,84.5,70.0,89.0,78.7,9.0,14.0,64.3,1,1.1,0.9,-0.1,15.0,14.0,10.0,0.0,28.0,Partidos
147,Ander Barrenetxea,es ESP,"DL,CC",22-078,11.0,258.0,398.0,64.8,3957.0,875.0,156.0,194.0,80.4,77.0,124.0,62.1,16.0,33.0,48.5,1,1.0,0.7,0.0,9.0,10.0,9.0,3.0,27.0,Partidos
148,Beñat Turrientes,es ESP,CC,22-043,11.9,313.0,383.0,81.7,4971.0,1060.0,175.0,195.0,89.7,110.0,122.0,90.2,20.0,37.0,54.1,1,0.5,0.5,0.5,8.0,34.0,2.0,0.0,35.0,Partidos
149,Umar Sadiq,ng NGA,DL,27-041,11.7,131.0,190.0,68.9,1831.0,294.0,74.0,95.0,77.9,42.0,58.0,72.4,6.0,12.0,50.0,1,1.1,0.9,-0.1,10.0,8.0,4.0,1.0,13.0,Partidos
150,Aihen Muñoz,es ESP,DF,26-211,12.5,504.0,702.0,71.8,9001.0,4109.0,216.0,240.0,90.0,234.0,315.0,74.3,48.0,112.0,42.9,2,2.0,0.9,0.0,12.0,35.0,11.0,10.0,39.0,Partidos
151,Kieran Tierney,sct SCO,DF,26-283,10.2,493.0,651.0,75.7,8696.0,3613.0,210.0,238.0,88.2,232.0,276.0,84.1,45.0,109.0,41.3,2,0.6,1.0,1.4,6.0,54.0,11.0,4.0,54.0,Partidos
152,Arsen Zakharyan,ru RUS,"CC,DL",20-293,8.6,222.0,337.0,65.9,3551.0,1083.0,127.0,152.0,83.6,63.0,96.0,65.6,24.0,58.0,41.4,1,1.2,1.7,-0.2,15.0,11.0,8.0,2.0,25.0,Partidos
153,Jon Pacheco,es ESP,DF,23-066,10.2,596.0,686.0,86.9,11825.0,3578.0,176.0,195.0,90.3,354.0,372.0,95.2,64.0,106.0,60.4,1,0.2,0.3,0.8,3.0,34.0,1.0,1.0,36.0,Partidos
154,André Silva,pt POR,DL,28-129,5.8,91.0,111.0,82.0,1105.0,110.0,60.0,65.0,92.3,23.0,27.0,85.2,2.0,2.0,100.0,0,0.2,0.2,-0.2,4.0,4.0,1.0,0.0,6.0,Partidos
155,Javi Galán,es ESP,DF,29-116,5.6,284.0,348.0,81.6,4820.0,1564.0,143.0,153.0,93.5,112.0,142.0,78.9,25.0,42.0,59.5,0,0.4,0.7,-0.4,6.0,24.0,11.0,8.0,30.0,Partidos
156,Carlos Fernández,es ESP,DL,27-297,4.5,44.0,83.0,53.0,589.0,86.0,28.0,44.0,63.6,13.0,24.0,54.2,1.0,5.0,20.0,1,0.5,0.2,0.5,1.0,4.0,1.0,0.0,4.0,Partidos
157,Aritz Elustondo,es ESP,DF,29-352,5.5,247.0,285.0,86.7,4539.0,1427.0,85.0,97.0,87.6,144.0,158.0,91.1,16.0,26.0,61.5,1,0.4,0.1,0.6,4.0,11.0,0.0,0.0,16.0,Partidos
158,Jon Aramburu,ve VEN,DF,21-235,4.8,210.0,265.0,79.2,3295.0,1020.0,104.0,118.0,88.1,95.0,114.0,83.3,8.0,21.0,38.1,0,0.0,0.1,0.0,0.0,21.0,1.0,0.0,22.0,Partidos
159,Álvaro Odriozola,es ESP,DF,28-091,1.2,52.0,65.0,80.0,818.0,211.0,26.0,31.0,83.9,23.0,27.0,85.2,1.0,2.0,50.0,0,0.0,0.0,0.0,1.0,4.0,1.0,1.0,2.0,Partidos
160,Olasagasti,es ESP,CC,23-211,3.5,116.0,157.0,73.9,1660.0,310.0,72.0,88.0,81.8,34.0,42.0,81.0,5.0,11.0,45.5,0,0.3,0.2,-0.3,5.0,9.0,2.0,0.0,12.0,Partidos
161,Urko González,es ESP,CC,22-360,1.7,67.0,85.0,78.8,1082.0,293.0,36.0,43.0,83.7,29.0,32.0,90.6,2.0,9.0,22.2,0,0.0,0.0,0.0,0.0,5.0,1.0,0.0,6.0,Partidos
162,Mohamed Ali Cho,fr FRA,"DL,CC",20-055,2.8,38.0,66.0,57.6,502.0,124.0,23.0,32.0,71.9,12.0,18.0,66.7,1.0,9.0,11.1,0,0.1,0.3,-0.1,1.0,1.0,0.0,0.0,3.0,Partidos
163,Unai Marrero,es ESP,PO,22-157,1.6,28.0,45.0,62.2,934.0,792.0,5.0,6.0,83.3,13.0,13.0,100.0,10.0,26.0,38.5,0,0.0,0.1,0.0,0.0,2.0,0.0,0.0,0.0,Partidos
164,Sheraldo Becker,sr SUR,"CC,DL",29-034,1.6,31.0,57.0,54.4,425.0,106.0,22.0,30.0,73.3,8.0,18.0,44.4,1.0,4.0,25.0,0,0.6,0.6,-0.6,1.0,0.0,2.0,1.0,4.0,Partidos
165,Jon Magunacelaya,es ESP,"DL,CC",23-245,1.3,27.0,41.0,65.9,351.0,61.0,15.0,22.0,68.2,9.0,14.0,64.3,0.0,0.0,,0,0.5,0.3,-0.5,1.0,1.0,0.0,0.0,2.0,Partidos
166,Alex Sola,es ESP,"DF,CC",24-279,0.3,12.0,16.0,75.0,196.0,75.0,5.0,5.0,100.0,7.0,10.0,70.0,0.0,0.0,,0,0.0,0.0,0.0,0.0,1.0,0.0,0.0,1.0,Partidos
167,Alberto Dadie,es ESP,CC,21-238,0.3,3.0,7.0,42.9,47.0,33.0,2.0,4.0,50.0,1.0,1.0,100.0,0.0,0.0,,0,0.0,0.1,0.0,0.0,0.0,0.0,0.0,0.0,Partidos
168,Total del equipo,,,26.4,28.0,11104.0,14076.0,78.9,200851.0,68927.0,4699.0,5422.0,86.7,5041.0,5876.0,85.8,1135.0,2054.0,55.3,27,23.2,25.5,3.8,242.0,846.0,183.0,52.0,1065.0,
169,Total del oponente,,,28.1,28.0,8036.0,10982.0,73.2,148063.0,58405.0,3614.0,4239.0,85.3,3208.0,3953.0,81.2,994.0,2138.0,46.5,19,18.4,19.7,0.6,200.0,576.0,149.0,48.0,692.0,
170,Germán Pezzella,ar ARG,DF,32-261,25.1,1043.0,1213.0,86.0,19314.0,6820.0,371.0,398.0,93.2,585.0,655.0,89.3,75.0,133.0,56.4,0,0.3,0.3,-0.3,4.0,43.0,4.0,1.0,54.0,Partidos
171,Isco,es ESP,CC,31-328,20.5,925.0,1166.0,79.3,14868.0,4640.0,499.0,552.0,90.4,282.0,336.0,83.9,102.0,187.0,54.5,3,5.6,5.4,-2.6,68.0,97.0,47.0,7.0,163.0,Partidos
172,Marc Roca,es ESP,CC,27-109,20.2,920.0,1109.0,83.0,15847.0,5311.0,432.0,480.0,90.0,362.0,417.0,86.8,91.0,154.0,59.1,2,1.3,1.7,0.7,18.0,111.0,16.0,0.0,119.0,Partidos
173,Rui Silva,pt POR,PO,30-036,18.5,472.0,680.0,69.4,12662.0,8905.0,91.0,91.0,100.0,230.0,231.0,99.6,148.0,352.0,42.0,0,0.0,0.0,0.0,0.0,4.0,0.0,0.0,1.0,Partidos
174,Ayoze Pérez,es ESP,DL,30-229,16.7,346.0,457.0,75.7,4301.0,1210.0,223.0,256.0,87.1,87.0,112.0,77.7,8.0,15.0,53.3,1,3.0,2.1,-2.0,22.0,31.0,11.0,0.0,43.0,Partidos
175,Héctor Bellerín,es ESP,DF,28-361,16.4,665.0,867.0,76.7,10068.0,4283.0,359.0,417.0,86.1,262.0,341.0,76.8,26.0,66.0,39.4,0,1.1,1.0,-1.1,12.0,44.0,13.0,3.0,72.0,Partidos
176,Willian José,br BRA,DL,32-112,15.8,308.0,394.0,78.2,4400.0,615.0,180.0,215.0,83.7,79.0,97.0,81.4,23.0,30.0,76.7,3,1.5,0.8,1.5,18.0,12.0,4.0,1.0,25.0,Partidos
177,Chadi Riad,ma MAR,DF,20-271,15.5,711.0,796.0,89.3,12690.0,3766.0,274.0,297.0,92.3,381.0,400.0,95.3,41.0,75.0,54.7,0,0.1,0.2,-0.1,1.0,11.0,0.0,0.0,21.0,Partidos
178,Guido Rodríguez,ar ARG,CC,29-337,13.3,561.0,643.0,87.2,9879.0,3013.0,253.0,272.0,93.0,222.0,248.0,89.5,61.0,82.0,74.4,0,0.7,0.7,-0.7,3.0,47.0,1.0,0.0,39.0,Partidos
179,Juan Miranda,es ESP,DF,24-055,13.2,597.0,743.0,80.3,10055.0,4719.0,271.0,299.0,90.6,259.0,324.0,79.9,52.0,88.0,59.1,1,1.4,1.7,-0.4,16.0,43.0,17.0,7.0,67.0,Partidos
180,Abner,br BRA,DF,23-292,12.9,523.0,676.0,77.4,7774.0,3812.0,299.0,334.0,89.5,171.0,223.0,76.7,30.0,66.0,45.5,0,0.6,1.0,-0.6,7.0,17.0,7.0,2.0,28.0,Partidos
181,Assane Diao,es ESP,DL,18-189,11.4,190.0,253.0,75.1,2176.0,371.0,133.0,157.0,84.7,32.0,43.0,74.4,7.0,9.0,77.8,0,0.6,0.8,-0.6,9.0,4.0,5.0,1.0,18.0,Partidos
182,Rodri,es ESP,"DL,CC",23-303,9.6,360.0,448.0,80.4,5337.0,1463.0,208.0,229.0,90.8,113.0,140.0,80.7,23.0,41.0,56.1,0,0.6,1.8,-0.6,9.0,26.0,26.0,4.0,53.0,Partidos
183,Aitor Ruibal,es ESP,"DF,DL",27-358,8.6,321.0,422.0,76.1,5256.0,2057.0,180.0,201.0,89.6,107.0,134.0,79.9,28.0,58.0,48.3,1,1.3,0.5,-0.3,11.0,29.0,11.0,3.0,44.0,Partidos
184,Sokratis Papastathopoulos,gr GRE,DF,35-279,7.8,305.0,343.0,88.9,5515.0,1893.0,119.0,125.0,95.2,162.0,174.0,93.1,23.0,38.0,60.5,0,0.0,0.1,0.0,1.0,3.0,0.0,0.0,9.0,Partidos
185,Claudio Bravo,cl CHI,PO,40-336,7.0,186.0,230.0,80.9,4988.0,3322.0,42.0,42.0,100.0,86.0,86.0,100.0,56.0,99.0,56.6,0,0.0,0.1,0.0,1.0,3.0,2.0,0.0,1.0,Partidos
186,Johnny Cardoso,us USA,CC,22-176,6.9,261.0,307.0,85.0,3937.0,1016.0,141.0,160.0,88.1,97.0,110.0,88.2,13.0,18.0,72.2,2,0.3,0.8,1.7,4.0,15.0,4.0,0.0,23.0,Partidos
187,Luiz Henrique,br BRA,DL,23-072,6.8,146.0,211.0,69.2,2292.0,489.0,78.0,101.0,77.2,46.0,62.0,74.2,13.0,24.0,54.2,3,1.6,1.5,1.4,11.0,10.0,10.0,6.0,17.0,Partidos
188,Nabil Fekir,fr FRA,"CC,DL",30-240,6.5,272.0,338.0,80.5,3544.0,1231.0,164.0,186.0,88.2,64.0,72.0,88.9,16.0,36.0,44.4,2,1.3,1.5,0.7,15.0,33.0,13.0,2.0,37.0,Partidos
189,Youssouf Sabaly,sn SEN,DF,31-009,6.0,293.0,342.0,85.7,4063.0,1259.0,174.0,191.0,91.1,101.0,113.0,89.4,9.0,16.0,56.3,1,0.3,0.5,0.7,2.0,24.0,3.0,0.0,26.0,Partidos
190,Sergi Altimira,es ESP,CC,22-202,5.6,244.0,270.0,90.4,3937.0,929.0,124.0,133.0,93.2,90.0,95.0,94.7,23.0,29.0,79.3,0,0.3,0.3,-0.3,4.0,24.0,2.0,0.0,28.0,Partidos
191,Abdessamad Ezzalzouli,ma MAR,DL,22-088,7.6,181.0,274.0,66.1,2189.0,600.0,121.0,158.0,76.6,44.0,68.0,64.7,3.0,12.0,25.0,0,0.2,0.4,-0.2,2.0,8.0,7.0,1.0,20.0,Partidos
192,Pablo Fornals,es ESP,"DL,CC",28-021,5.0,230.0,306.0,75.2,3813.0,1135.0,110.0,128.0,85.9,88.0,111.0,79.3,22.0,41.0,53.7,1,1.0,1.2,0.0,15.0,20.0,12.0,4.0,39.0,Partidos
193,Andrés Guardado,mx MEX,CC,37-168,5.0,253.0,298.0,84.9,4959.0,1540.0,101.0,108.0,93.5,102.0,115.0,88.7,42.0,58.0,72.4,0,0.2,0.3,-0.2,5.0,34.0,5.0,1.0,36.0,Partidos
194,Borja Iglesias,es ESP,DL,31-057,4.5,83.0,101.0,82.2,1129.0,179.0,57.0,66.0,86.4,20.0,23.0,87.0,4.0,6.0,66.7,1,0.9,0.7,0.1,11.0,2.0,6.0,0.0,12.0,Partidos
195,Luiz Felipe,it ITA,DF,26-358,4.0,151.0,169.0,89.3,2591.0,996.0,59.0,62.0,95.2,78.0,86.0,90.7,9.0,14.0,64.3,0,0.2,0.2,-0.2,1.0,4.0,0.0,0.0,4.0,Partidos
196,Ezequiel Ávila,ar ARG,DL,30-037,3.1,48.0,82.0,58.5,788.0,135.0,23.0,27.0,85.2,15.0,26.0,57.7,5.0,16.0,31.3,0,0.1,0.1,-0.1,2.0,2.0,1.0,0.0,5.0,Partidos
197,William Carvalho,pt POR,CC,31-342,5.7,417.0,476.0,87.6,6311.0,1923.0,240.0,261.0,92.0,133.0,151.0,88.1,26.0,36.0,72.2,3,0.4,0.5,2.6,6.0,51.0,7.0,0.0,43.0,Partidos
198,Marc Bartra,es ESP,DF,33-059,2.5,101.0,118.0,85.6,1910.0,620.0,39.0,42.0,92.9,48.0,52.0,92.3,13.0,21.0,61.9,0,0.0,0.0,0.0,0.0,5.0,0.0,0.0,5.0,Partidos
199,Francisco Barbosa,es ESP,PO,24-312,2.5,54.0,84.0,64.3,1555.0,1025.0,7.0,7.0,100.0,28.0,30.0,93.3,18.0,44.0,40.9,0,0.0,0.0,0.0,0.0,1.0,0.0,0.0,0.0,Partidos
200,Juan Cruz,es ESP,DL,23-324,0.8,15.0,20.0,75.0,187.0,49.0,13.0,15.0,86.7,2.0,4.0,50.0,0.0,1.0,0.0,0,0.0,0.0,0.0,1.0,0.0,3.0,0.0,3.0,Partidos
201,Ricardo Visus,es ESP,DF,22-325,0.8,,,,,,,,,,,,,,,0,,,,,,,,,Partidos
202,Pablo Busto,es ESP,DF,18-181,0.5,18.0,26.0,69.2,254.0,79.0,11.0,14.0,78.6,5.0,7.0,71.4,1.0,3.0,33.3,0,0.2,0.1,-0.2,1.0,1.0,1.0,0.0,1.0,Partidos
203,Paul Akouokou,ci CIV,CC,26-085,0.3,16.0,17.0,94.1,280.0,65.0,7.0,8.0,87.5,7.0,7.0,100.0,1.0,1.0,100.0,0,0.0,0.0,0.0,0.0,0.0,0.0,0.0,1.0,Partidos
204,Cédric Bakambu,cd COD,DL,32-338,0.3,4.0,5.0,80.0,40.0,7.0,1.0,1.0,100.0,1.0,2.0,50.0,0.0,0.0,,0,0.1,0.2,-0.1,1.0,0.0,0.0,0.0,1.0,Partidos
205,Total del equipo,,,28.4,28.0,11246.0,13918.0,80.8,189530.0,69714.0,5411.0,6042.0,89.6,4402.0,5109.0,86.2,1018.0,1880.0,54.1,24,25.2,26.4,-1.2,281.0,761.0,238.0,43.0,1060.0,
206,Total del oponente,,,27.8,28.0,11079.0,13871.0,79.9,190475.0,71392.0,5468.0,6122.0,89.3,4349.0,5051.0,86.1,1029.0,1930.0,53.3,17,25.2,25.2,-8.2,244.0,853.0,202.0,67.0,1066.0,
207,Giorgi Mamardashvili,ge GEO,PO,23-167,27.0,412.0,772.0,53.4,13147.0,10820.0,80.0,84.0,95.2,171.0,177.0,96.6,160.0,508.0,31.5,0,0.0,0.0,0.0,0.0,15.0,0.0,0.0,0.0,Partidos
208,José Luis García Vayá,es ESP,CC,25-216,26.7,1205.0,1539.0,78.3,22110.0,7812.0,506.0,601.0,84.2,493.0,583.0,84.6,163.0,274.0,59.5,1,2.6,3.5,-1.6,41.0,164.0,28.0,11.0,191.0,Partidos
209,Hugo Duro,es ESP,DL,24-125,24.9,310.0,425.0,72.9,3909.0,564.0,197.0,240.0,82.1,80.0,110.0,72.7,6.0,11.0,54.5,2,1.1,0.4,0.9,10.0,17.0,4.0,0.0,24.0,Partidos
210,Francisco Perez,es ESP,"CC,DL",21-187,19.5,374.0,501.0,74.7,5122.0,1383.0,239.0,288.0,83.0,100.0,135.0,74.1,15.0,31.0,48.4,4,2.4,1.9,1.6,16.0,22.0,14.0,5.0,34.0,Partidos
211,Cristhian Mosquera,co COL,DF,19-261,23.2,969.0,1095.0,88.5,18226.0,5169.0,331.0,361.0,91.7,551.0,587.0,93.9,77.0,121.0,63.6,0,0.0,0.1,0.0,1.0,30.0,0.0,0.0,52.0,Partidos
212,José Luis Gayà,es ESP,DF,28-294,19.0,770.0,1021.0,75.4,13583.0,4547.0,362.0,409.0,88.5,327.0,415.0,78.8,70.0,149.0,47.0,2,2.5,2.4,-0.5,24.0,47.0,22.0,12.0,69.0,Partidos
213,Diego López,es ESP,"DL,CC",21-306,19.2,338.0,538.0,62.8,5051.0,1221.0,188.0,268.0,70.1,107.0,158.0,67.7,24.0,43.0,55.8,5,3.7,2.0,1.3,29.0,22.0,15.0,7.0,46.0,Partidos
214,Javier Guerra,es ESP,"CC,DL",21-073,19.4,472.0,643.0,73.4,7512.0,1810.0,225.0,279.0,80.6,189.0,231.0,81.8,36.0,77.0,46.8,1,0.9,1.7,0.1,11.0,43.0,6.0,1.0,54.0,Partidos
215,Thierry Correia,pt POR,DF,25-005,15.9,689.0,914.0,75.4,11268.0,4611.0,375.0,420.0,89.3,239.0,298.0,80.2,61.0,152.0,40.1,2,0.3,0.7,1.7,5.0,51.0,14.0,5.0,51.0,Partidos
216,Gabriel Paulista,br BRA,DF,33-109,15.5,699.0,816.0,85.7,14412.0,5224.0,187.0,222.0,84.2,422.0,449.0,94.0,82.0,129.0,63.6,0,0.2,0.3,-0.2,2.0,40.0,3.0,0.0,33.0,Partidos
217,Dimitri Foulquier,fr FRA,"DF,CC",30-357,14.3,532.0,723.0,73.6,8163.0,3335.0,273.0,325.0,84.0,212.0,258.0,82.2,29.0,81.0,35.8,0,0.7,0.5,-0.7,9.0,37.0,8.0,3.0,51.0,Partidos
218,Mouctar Diakhaby,gn GUI,"DF,CC",27-086,11.9,475.0,546.0,87.0,9314.0,2704.0,152.0,160.0,95.0,272.0,294.0,92.5,43.0,76.0,56.6,0,0.0,0.1,0.0,2.0,23.0,2.0,0.0,29.0,Partidos
219,Cenk Özkacar,tr TUR,DF,23-160,9.7,404.0,501.0,80.6,7436.0,2723.0,163.0,178.0,91.6,205.0,228.0,89.9,32.0,76.0,42.1,0,0.1,0.2,-0.1,1.0,31.0,1.0,0.0,32.0,Partidos
220,Sergi Canós,es ESP,"CC,DL",27-041,8.5,157.0,252.0,62.3,2363.0,833.0,84.0,112.0,75.0,56.0,74.0,75.7,9.0,29.0,31.0,2,1.4,0.9,0.6,5.0,17.0,9.0,2.0,29.0,Partidos
221,Hugo Guillamón,es ESP,CC,24-043,11.3,388.0,488.0,79.5,7030.0,2287.0,175.0,203.0,86.2,154.0,187.0,82.4,49.0,80.0,61.3,0,0.3,0.3,-0.3,5.0,44.0,1.0,0.0,48.0,Partidos
222,Roman Yaremchuk,ua UKR,DL,28-108,7.7,109.0,161.0,67.7,1361.0,322.0,75.0,101.0,74.3,24.0,36.0,66.7,4.0,4.0,100.0,0,0.1,0.2,-0.1,3.0,12.0,3.0,0.0,16.0,Partidos
223,Selim Amallah,ma MAR,"DL,CC",27-120,6.5,116.0,158.0,73.4,1597.0,445.0,65.0,77.0,84.4,32.0,46.0,69.6,7.0,14.0,50.0,1,0.3,0.3,0.7,4.0,11.0,3.0,0.0,21.0,Partidos
224,Domingos André Ribeiro Almeida,pt POR,"DL,CC",23-289,5.3,144.0,186.0,77.4,2242.0,579.0,80.0,87.0,92.0,48.0,58.0,82.8,12.0,20.0,60.0,1,0.7,0.5,0.3,7.0,16.0,4.0,0.0,23.0,Partidos
225,Jesus Vazquez,es ESP,"DF,CC",21-072,3.3,62.0,107.0,57.9,877.0,314.0,36.0,42.0,85.7,17.0,32.0,53.1,4.0,14.0,28.6,0,0.1,0.1,-0.1,2.0,5.0,2.0,2.0,6.0,Partidos
226,Yarek Hernandis,es ESP,DF,19-062,3.2,,,,,,,,,,,,,,,0,,,,,,,,,Partidos
227,Pablo Gozalbez,es ESP,"CC,DL",22-319,1.1,16.0,32.0,50.0,197.0,61.0,8.0,15.0,53.3,6.0,9.0,66.7,1.0,3.0,33.3,0,0.0,0.0,0.0,0.0,1.0,0.0,0.0,0.0,Partidos
228,Peter González,do DOM,"CC,DL",21-233,1.1,15.0,27.0,55.6,191.0,23.0,11.0,14.0,78.6,4.0,8.0,50.0,0.0,1.0,0.0,0,0.0,0.0,0.0,0.0,1.0,1.0,0.0,2.0,Partidos
229,Alberto Marí,es ESP,"DL,CC",22-247,0.6,7.0,17.0,41.2,136.0,43.0,0.0,4.0,0.0,5.0,7.0,71.4,1.0,1.0,100.0,1,0.6,0.4,0.4,2.0,1.0,0.0,0.0,3.0,Partidos
230,Hugo González,es ESP,"CC,DL",21-036,0.6,16.0,25.0,64.0,260.0,71.0,9.0,11.0,81.8,5.0,8.0,62.5,1.0,2.0,50.0,1,0.5,0.2,0.5,3.0,1.0,1.0,1.0,1.0,Partidos
231,Mario Dominguez,es ESP,DL,20-033,0.3,4.0,5.0,80.0,56.0,22.0,2.0,2.0,100.0,0.0,1.0,0.0,1.0,1.0,100.0,0,0.0,0.0,0.0,0.0,1.0,0.0,0.0,1.0,Partidos
232,César Tárrega,es ESP,DF,22-017,0.1,5.0,5.0,100.0,90.0,22.0,1.0,1.0,100.0,4.0,4.0,100.0,0.0,0.0,,0,0.0,0.0,0.0,0.0,0.0,0.0,0.0,0.0,Partidos
233,Total del equipo,,,24.8,27.0,8688.0,11497.0,75.6,155653.0,56945.0,3824.0,4504.0,84.9,3723.0,4393.0,84.7,887.0,1897.0,46.8,23,18.6,16.9,4.4,182.0,652.0,141.0,49.0,816.0,
234,Total del oponente,,,27.8,27.0,11903.0,14782.0,80.5,214694.0,76383.0,5230.0,5930.0,88.2,5175.0,5935.0,87.2,1232.0,2201.0,56.0,23,23.6,24.1,-0.6,200.0,954.0,219.0,66.0,1114.0,
235,Álvaro Vallés,es ESP,PO,26-233,28.0,1242.0,1552.0,80.0,27344.0,19610.0,382.0,383.0,99.7,605.0,622.0,97.3,250.0,532.0,47.0,0,0.0,0.0,0.0,0.0,12.0,0.0,0.0,3.0,Partidos
236,Kirian Rodríguez,es ESP,CC,28-009,25.7,1979.0,2235.0,88.5,30733.0,9199.0,1070.0,1151.0,93.0,746.0,816.0,91.4,119.0,174.0,68.4,2,1.2,2.5,0.8,29.0,221.0,33.0,4.0,217.0,Partidos
237,Mika Màrmol,es ESP,DF,21-256,25.5,1702.0,1905.0,89.3,26935.0,10698.0,849.0,895.0,94.9,751.0,810.0,92.7,73.0,151.0,48.3,1,0.9,0.9,0.1,3.0,107.0,1.0,1.0,104.0,Partidos
238,Munir El Haddadi,ma MAR,DL,28-195,22.9,488.0,624.0,78.2,7155.0,1743.0,280.0,324.0,86.4,155.0,190.0,81.6,31.0,57.0,54.4,1,1.3,2.1,-0.3,17.0,35.0,21.0,1.0,70.0,Partidos
239,Sergi Cardona,es ESP,DF,24-250,25.1,1392.0,1730.0,80.5,20313.0,7831.0,815.0,919.0,88.7,479.0,567.0,84.5,60.0,138.0,43.5,2,2.3,3.0,-0.3,30.0,87.0,33.0,11.0,130.0,Partidos
240,Javier Muñoz,es ESP,CC,29-015,22.5,808.0,1006.0,80.3,11686.0,2900.0,469.0,538.0,87.2,279.0,323.0,86.4,30.0,67.0,44.8,3,1.3,1.6,1.7,20.0,71.0,20.0,6.0,92.0,Partidos
241,Álex Suárez,es ESP,DF,30-362,19.8,931.0,1082.0,86.0,16096.0,6342.0,437.0,472.0,92.6,396.0,446.0,88.8,77.0,132.0,58.3,0,0.2,0.5,-0.2,6.0,78.0,7.0,3.0,84.0,Partidos
242,Saúl Coco,gq EQG,DF,25-034,18.4,954.0,1074.0,88.8,15920.0,6625.0,439.0,466.0,94.2,463.0,498.0,93.0,39.0,81.0,48.1,0,0.0,0.1,0.0,1.0,40.0,0.0,0.0,57.0,Partidos
243,Máximo Perrone,ar ARG,CC,21-067,14.2,961.0,1065.0,90.2,13963.0,4202.0,555.0,594.0,93.4,347.0,381.0,91.1,33.0,45.0,73.3,0,0.2,0.7,-0.2,8.0,79.0,6.0,0.0,61.0,Partidos
244,Enzo Loiodice,fr FRA,CC,23-108,15.3,703.0,863.0,81.5,9879.0,2188.0,437.0,494.0,88.5,200.0,233.0,85.8,33.0,61.0,54.1,0,0.6,1.3,-0.6,10.0,63.0,5.0,0.0,75.0,Partidos
245,Sandro Ramírez,es ESP,DL,28-249,13.3,345.0,453.0,76.2,5330.0,1307.0,209.0,243.0,86.0,95.0,114.0,83.3,35.0,65.0,53.8,3,2.2,2.4,0.8,23.0,13.0,15.0,2.0,35.0,Partidos
246,Alberto Moleiro,es ESP,"DL,CC",20-166,11.4,336.0,435.0,77.2,4474.0,992.0,208.0,242.0,86.0,103.0,124.0,83.1,6.0,14.0,42.9,3,1.3,1.5,1.7,17.0,22.0,16.0,2.0,39.0,Partidos
247,Julian Araujo,mx MEX,DF,22-214,13.5,555.0,677.0,82.0,9262.0,3200.0,257.0,290.0,88.6,254.0,302.0,84.1,34.0,54.0,63.0,0,1.0,0.7,-1.0,14.0,55.0,12.0,4.0,57.0,Partidos
248,Marvin,es ESP,"DL,DF",23-255,13.2,378.0,517.0,73.1,5555.0,1105.0,211.0,255.0,82.7,141.0,183.0,77.0,13.0,35.0,37.1,2,2.1,1.7,-0.1,10.0,8.0,12.0,5.0,23.0,Partidos
249,Jonathan Viera,es ESP,"CC,DL",34-145,6.9,456.0,513.0,88.9,5988.0,1489.0,278.0,296.0,93.9,141.0,158.0,89.2,9.0,18.0,50.0,1,1.0,1.2,0.0,17.0,35.0,16.0,1.0,65.0,Partidos
250,Sory Kaba,gn GUI,DL,28-230,6.6,96.0,135.0,71.1,1376.0,180.0,57.0,75.0,76.0,26.0,34.0,76.5,6.0,9.0,66.7,1,0.2,0.4,0.8,4.0,6.0,1.0,0.0,10.0,Partidos
251,Marc Cardona,es ESP,DL,28-250,6.0,131.0,174.0,75.3,1496.0,190.0,94.0,118.0,79.7,25.0,34.0,73.5,1.0,6.0,16.7,1,0.9,0.5,0.1,4.0,7.0,5.0,1.0,9.0,Partidos
252,Francisco Jesús Crespo García,es ESP,DL,27-229,5.4,148.0,209.0,70.8,2265.0,568.0,83.0,96.0,86.5,45.0,67.0,67.2,14.0,32.0,43.8,0,0.4,0.4,-0.4,8.0,5.0,5.0,0.0,20.0,Partidos
253,Daley Sinkgraven,nl NED,DF,28-254,2.9,168.0,196.0,85.7,2297.0,703.0,111.0,116.0,95.7,48.0,59.0,81.4,4.0,10.0,40.0,0,0.0,0.0,0.0,0.0,17.0,1.0,0.0,15.0,Partidos
254,Juan Herzog,es ESP,DF,20-306,2.2,116.0,134.0,86.6,1695.0,716.0,67.0,72.0,93.1,41.0,45.0,91.1,5.0,9.0,55.6,0,0.0,0.0,0.0,0.0,1.0,0.0,0.0,1.0,Partidos
255,Álvaro Lemos,es ESP,DF,30-350,2.2,119.0,148.0,80.4,1751.0,397.0,72.0,77.0,93.5,41.0,52.0,78.8,5.0,13.0,38.5,0,0.0,0.1,0.0,0.0,11.0,2.0,0.0,15.0,Partidos
256,Cristian Herrera,es ESP,"DL,CC",33-001,1.7,85.0,93.0,91.4,998.0,284.0,61.0,63.0,96.8,22.0,24.0,91.7,0.0,0.0,,0,0.0,0.1,0.0,1.0,4.0,0.0,0.0,7.0,Partidos
257,José Campaña,es ESP,CC,30-288,1.1,83.0,100.0,83.0,1192.0,413.0,52.0,56.0,92.9,25.0,26.0,96.2,4.0,11.0,36.4,0,0.0,0.0,0.0,0.0,2.0,0.0,0.0,8.0,Partidos
258,Eric Curbelo,es ESP,DF,30-060,1.0,51.0,53.0,96.2,785.0,302.0,27.0,27.0,100.0,22.0,24.0,91.7,2.0,2.0,100.0,0,0.0,0.0,0.0,0.0,0.0,0.0,0.0,4.0,Partidos
259,Omenuke Mfulu,cd COD,"CC,DL",29-360,0.9,53.0,60.0,88.3,793.0,301.0,26.0,28.0,92.9,25.0,26.0,96.2,0.0,3.0,0.0,0,0.0,0.0,0.0,0.0,3.0,0.0,0.0,1.0,Partidos
260,Benito Ramírez,es ESP,"DL,CC",28-247,1.9,71.0,106.0,67.0,983.0,257.0,53.0,56.0,94.6,12.0,20.0,60.0,5.0,21.0,23.8,0,0.1,0.1,-0.1,1.0,5.0,3.0,2.0,2.0,Partidos
261,Iñaki González,es ESP,CC,19-231,0.1,4.0,4.0,100.0,70.0,7.0,1.0,1.0,100.0,2.0,2.0,100.0,0.0,0.0,,0,0.0,0.0,0.0,0.0,0.0,0.0,0.0,0.0,Partidos
262,Fabio González,es ESP,CC,27-031,0.0,7.0,7.0,100.0,94.0,27.0,5.0,5.0,100.0,2.0,2.0,100.0,0.0,0.0,,0,0.0,0.0,0.0,0.0,2.0,0.0,0.0,0.0,Partidos
263,Total del equipo,,,26.2,28.0,14362.0,17150.0,83.7,226428.0,83776.0,7605.0,8352.0,91.1,5491.0,6182.0,88.8,888.0,1740.0,51.0,20,17.1,21.9,2.9,223.0,989.0,214.0,43.0,1204.0,
264,Total del oponente,,,27.9,28.0,8421.0,11349.0,74.2,150595.0,61439.0,3974.0,4624.0,85.9,3244.0,3932.0,82.5,959.0,1994.0,48.1,22,29.6,27.8,-7.6,246.0,705.0,180.0,62.0,885.0,
265,David García,es ESP,DF,30-029,24.7,1034.0,1246.0,83.0,20430.0,8003.0,339.0,374.0,90.6,570.0,637.0,89.5,119.0,206.0,57.8,1,1.3,1.0,-0.3,5.0,119.0,5.0,0.0,123.0,Partidos
266,Ante Budimir,hr CRO,DL,32-236,23.7,217.0,396.0,54.8,2620.0,733.0,151.0,224.0,67.4,49.0,112.0,43.8,4.0,11.0,36.4,2,1.7,1.6,0.3,10.0,23.0,9.0,1.0,38.0,Partidos
267,Sergio Herrera,es ESP,PO,30-283,23.9,546.0,864.0,63.2,18981.0,15859.0,66.0,66.0,100.0,226.0,234.0,96.6,252.0,560.0,45.0,0,0.0,0.1,0.0,1.0,31.0,0.0,0.0,1.0,Partidos
268,Aimar Oroz,es ESP,CC,22-108,23.1,747.0,919.0,81.3,11179.0,2539.0,430.0,497.0,86.5,258.0,294.0,87.8,39.0,58.0,67.2,1,1.5,2.0,-0.5,24.0,65.0,17.0,0.0,95.0,Partidos
269,Jesús Areso,es ESP,DF,24-256,20.6,735.0,980.0,75.0,12090.0,5097.0,365.0,412.0,88.6,299.0,398.0,75.1,53.0,110.0,48.2,2,2.5,2.2,-0.5,24.0,52.0,29.0,18.0,75.0,Partidos
270,Catena,es ESP,DF,29-138,19.7,774.0,948.0,81.6,17658.0,7212.0,178.0,201.0,88.6,448.0,488.0,91.8,139.0,238.0,58.4,1,0.5,0.7,0.5,3.0,68.0,3.0,0.0,55.0,Partidos
271,Rubén Peña,es ESP,"DF,DL",32-240,16.6,507.0,777.0,65.3,8580.0,3820.0,246.0,300.0,82.0,210.0,306.0,68.6,43.0,109.0,39.4,1,1.5,1.8,-0.5,16.0,47.0,20.0,13.0,57.0,Partidos
272,Moi Gómez,es ESP,"CC,DL",29-265,17.1,743.0,923.0,80.5,12819.0,3017.0,347.0,391.0,88.7,302.0,349.0,86.5,69.0,117.0,59.0,0,0.7,1.2,-0.7,18.0,93.0,4.0,1.0,103.0,Partidos
273,Lucas Torró,es ESP,CC,29-239,15.2,448.0,600.0,74.7,7256.0,1986.0,222.0,277.0,80.1,184.0,232.0,79.3,32.0,57.0,56.1,0,0.4,0.4,-0.4,4.0,41.0,3.0,0.0,38.0,Partidos
274,Johan Mojica,co COL,"DF,DL",31-206,15.9,598.0,839.0,71.3,10130.0,3760.0,333.0,369.0,90.2,205.0,279.0,73.5,53.0,137.0,38.7,2,1.9,2.5,0.1,17.0,44.0,26.0,17.0,57.0,Partidos
275,Jon Moncayola,es ESP,CC,25-306,14.7,584.0,768.0,76.0,10952.0,3180.0,249.0,282.0,88.3,245.0,301.0,81.4,81.0,153.0,52.9,2,1.5,2.1,0.5,17.0,73.0,9.0,5.0,67.0,Partidos
276,Juan Cruz Armada,es ESP,DF,31-230,14.6,560.0,739.0,75.8,9954.0,4298.0,266.0,297.0,89.6,227.0,304.0,74.7,64.0,122.0,52.5,1,0.4,0.6,0.6,5.0,52.0,9.0,3.0,61.0,Partidos
277,Iker Muñoz,es ESP,CC,21-130,11.9,449.0,605.0,74.2,8253.0,2202.0,188.0,223.0,84.3,206.0,267.0,77.2,48.0,90.0,53.3,0,0.1,0.3,-0.1,3.0,51.0,4.0,0.0,53.0,Partidos
278,Rubén García,es ESP,DL,30-244,10.6,313.0,472.0,66.3,4905.0,1313.0,173.0,219.0,79.0,99.0,134.0,73.9,32.0,69.0,46.4,2,2.2,2.2,-0.2,21.0,16.0,16.0,4.0,37.0,Partidos
279,Ezequiel Ávila,ar ARG,"DL,CC",30-037,9.6,232.0,371.0,62.5,5068.0,1419.0,94.0,122.0,77.0,75.0,118.0,63.6,59.0,109.0,54.1,3,2.3,2.7,0.7,21.0,25.0,18.0,7.0,39.0,Partidos
280,Jorge Herrando,es ESP,DF,23-015,8.4,208.0,265.0,78.5,3862.0,1519.0,87.0,96.0,90.6,98.0,112.0,87.5,23.0,52.0,44.2,0,0.0,0.1,0.0,0.0,18.0,0.0,0.0,16.0,Partidos
281,Raúl,es ESP,DL,23-132,8.7,112.0,187.0,59.9,1404.0,267.0,77.0,118.0,65.3,24.0,38.0,63.2,4.0,6.0,66.7,0,0.3,0.5,-0.3,8.0,9.0,3.0,0.0,13.0,Partidos
282,Pablo Ibáñez,es ESP,CC,25-176,7.8,215.0,285.0,75.4,3321.0,888.0,105.0,132.0,79.5,91.0,109.0,83.5,10.0,22.0,45.5,1,0.9,1.0,0.1,8.0,24.0,8.0,2.0,44.0,Partidos
283,José Arnaiz,es ESP,"DL,CC",28-334,6.4,141.0,190.0,74.2,2180.0,480.0,83.0,94.0,88.3,36.0,47.0,76.6,16.0,31.0,51.6,1,1.7,1.5,-0.7,12.0,6.0,3.0,1.0,8.0,Partidos
284,Unai García,es ESP,DF,32-040,4.9,124.0,161.0,77.0,2827.0,977.0,36.0,41.0,87.8,65.0,74.0,87.8,23.0,43.0,53.5,0,0.0,0.0,0.0,1.0,5.0,0.0,0.0,8.0,Partidos
285,Aitor Fernández,es ESP,PO,32-316,4.1,91.0,134.0,67.9,3189.0,2610.0,9.0,9.0,100.0,31.0,32.0,96.9,51.0,91.0,56.0,0,0.0,0.0,0.0,0.0,8.0,0.0,0.0,1.0,Partidos
286,Kike Barja,es ESP,"DL,CC",26-348,3.4,83.0,114.0,72.8,1232.0,240.0,44.0,50.0,88.0,24.0,34.0,70.6,8.0,17.0,47.1,0,0.5,0.4,-0.5,5.0,0.0,6.0,3.0,8.0,Partidos
287,Nacho Vidal,es ESP,"DF,DL",29-050,1.1,27.0,40.0,67.5,529.0,191.0,8.0,13.0,61.5,14.0,15.0,93.3,4.0,8.0,50.0,0,0.0,0.0,0.0,1.0,1.0,0.0,0.0,1.0,Partidos
288,Darko Brašanac,rs SRB,CC,32-031,0.5,9.0,15.0,60.0,142.0,18.0,5.0,7.0,71.4,3.0,6.0,50.0,1.0,2.0,50.0,0,0.0,0.0,0.0,1.0,1.0,0.0,0.0,1.0,Partidos
289,Iñigo Arguibide,es ESP,DF,18-330,0.2,1.0,4.0,25.0,10.0,0.0,1.0,3.0,33.3,0.0,0.0,,0.0,0.0,,0,0.0,0.0,0.0,0.0,0.0,0.0,0.0,0.0,Partidos
290,Total del equipo,,,28.6,28.0,9498.0,12842.0,74.0,179571.0,71628.0,4102.0,4817.0,85.2,3989.0,4920.0,81.1,1227.0,2418.0,50.7,20,21.8,24.8,-1.8,225.0,872.0,192.0,75.0,999.0,
291,Total del oponente,,,27.5,28.0,10828.0,13944.0,77.7,187940.0,71451.0,5076.0,5720.0,88.7,4401.0,5305.0,83.0,1045.0,2099.0,49.8,33,26.8,26.7,6.2,223.0,841.0,198.0,72.0,1030.0,
292,Filip Jørgensen,dk DEN,PO,21-333,27.0,758.0,965.0,78.5,19323.0,14105.0,173.0,173.0,100.0,404.0,406.0,99.5,178.0,379.0,47.0,0,0.0,0.0,0.0,0.0,10.0,0.0,0.0,0.0,Partidos
293,Alex Baena,es ESP,"CC,DL",22-238,20.8,634.0,899.0,70.5,12025.0,4086.0,284.0,333.0,85.3,243.0,326.0,74.5,95.0,181.0,52.5,9,5.9,6.6,3.1,57.0,75.0,40.0,10.0,117.0,Partidos
294,Gerard Moreno,es ESP,DL,31-342,21.3,668.0,856.0,78.0,10966.0,2878.0,361.0,419.0,86.2,236.0,288.0,81.9,60.0,88.0,68.2,3,4.8,4.0,-1.8,44.0,68.0,31.0,4.0,129.0,Partidos
295,Daniel Parejo,es ESP,CC,34-333,20.9,1209.0,1377.0,87.8,22145.0,7894.0,504.0,537.0,93.9,546.0,579.0,94.3,138.0,203.0,68.0,4,2.1,3.1,1.9,24.0,133.0,17.0,5.0,147.0,Partidos
296,Alexander Sørloth,no NOR,DL,28-100,18.6,235.0,319.0,73.7,3023.0,394.0,157.0,185.0,84.9,61.0,89.0,68.5,8.0,11.0,72.7,5,3.0,1.5,2.0,22.0,12.0,5.0,0.0,22.0,Partidos
297,Raúl Albiol,es ESP,DF,38-192,18.2,862.0,1008.0,85.5,17741.0,6756.0,233.0,258.0,90.3,523.0,563.0,92.9,101.0,163.0,62.0,1,0.8,0.6,0.2,3.0,52.0,0.0,0.0,49.0,Partidos
298,Jorge Cuenca,es ESP,DF,24-118,16.6,725.0,855.0,84.8,13217.0,4879.0,274.0,285.0,96.1,394.0,439.0,89.7,50.0,113.0,44.2,0,0.1,0.4,-0.1,1.0,41.0,5.0,3.0,52.0,Partidos
299,Étienne Capoue,fr FRA,CC,35-247,14.7,627.0,727.0,86.2,10191.0,2807.0,332.0,362.0,91.7,238.0,269.0,88.5,47.0,68.0,69.1,1,0.6,0.9,0.4,9.0,65.0,8.0,0.0,69.0,Partidos
300,Alberto Moreno,es ESP,"DF,CC",31-253,13.1,449.0,566.0,79.3,7847.0,2959.0,220.0,249.0,88.4,175.0,209.0,83.7,48.0,82.0,58.5,1,0.9,1.3,0.1,10.0,30.0,16.0,6.0,44.0,Partidos
301,Santi Comesaña,es ESP,CC,27-161,12.5,494.0,569.0,86.8,8068.0,2251.0,251.0,277.0,90.6,199.0,227.0,87.7,31.0,46.0,67.4,0,1.1,0.9,-1.1,6.0,53.0,4.0,0.0,62.0,Partidos
302,Alfonso Pedraza,es ESP,DF,27-340,10.6,401.0,520.0,77.1,6510.0,1956.0,216.0,238.0,90.8,160.0,200.0,80.0,21.0,48.0,43.8,2,2.8,1.9,-0.8,16.0,14.0,21.0,11.0,29.0,Partidos
303,Ilias Akhomach,es ESP,"CC,DL",19-333,12.7,277.0,365.0,75.9,3631.0,942.0,186.0,216.0,86.1,67.0,92.0,72.8,8.0,18.0,44.4,2,2.0,1.6,0.0,18.0,10.0,18.0,5.0,31.0,Partidos
304,Juan Foyth,ar ARG,DF,26-062,11.8,565.0,690.0,81.9,9309.0,3470.0,290.0,320.0,90.6,226.0,270.0,83.7,40.0,66.0,60.6,1,0.9,0.9,0.1,5.0,50.0,7.0,2.0,51.0,Partidos
305,Adrià Altimira,es ESP,"DF,CC",22-352,8.6,389.0,465.0,83.7,6578.0,2133.0,180.0,208.0,86.5,170.0,193.0,88.1,31.0,42.0,73.8,0,0.1,0.2,-0.1,2.0,25.0,5.0,2.0,29.0,Partidos
306,José Luis Morales,es ESP,"DL,CC",36-235,9.9,121.0,173.0,69.9,1816.0,410.0,79.0,94.0,84.0,31.0,49.0,63.3,9.0,14.0,64.3,0,0.5,0.8,-0.5,3.0,8.0,3.0,1.0,16.0,Partidos
307,Kiko Femenía,es ESP,DF,33-041,9.6,504.0,611.0,82.5,8104.0,3100.0,253.0,274.0,92.3,211.0,250.0,84.4,33.0,69.0,47.8,0,0.4,0.5,-0.4,4.0,50.0,4.0,2.0,58.0,Partidos
308,Aïssa Mandi,dz ALG,DF,32-144,8.6,452.0,491.0,92.1,8833.0,3551.0,171.0,187.0,91.4,225.0,232.0,97.0,55.0,64.0,85.9,0,0.7,0.4,-0.7,2.0,37.0,4.0,0.0,35.0,Partidos
309,Yeremi Pino,es ESP,"CC,DL",21-146,5.3,137.0,171.0,80.1,2032.0,432.0,81.0,95.0,85.3,42.0,48.0,87.5,11.0,17.0,64.7,0,0.2,0.5,-0.2,5.0,3.0,6.0,1.0,10.0,Partidos
310,Eric Bailly,ci CIV,DF,29-337,6.3,214.0,247.0,86.6,3936.0,1636.0,72.0,80.0,90.0,123.0,134.0,91.8,16.0,25.0,64.0,0,0.0,0.0,0.0,0.0,7.0,1.0,0.0,11.0,Partidos
311,Francis Coquelin,fr FRA,CC,32-306,6.3,218.0,248.0,87.9,3569.0,947.0,108.0,118.0,91.5,93.0,102.0,91.2,14.0,18.0,77.8,0,0.1,0.4,-0.1,1.0,27.0,5.0,1.0,30.0,Partidos
312,Matteo Gabbia,it ITA,DF,24-145,5.3,267.0,299.0,89.3,5210.0,1745.0,93.0,102.0,91.2,144.0,151.0,95.4,29.0,42.0,69.0,0,0.1,0.1,-0.1,1.0,15.0,1.0,0.0,9.0,Partidos
313,Ramón Terrats,es ESP,CC,23-148,6.9,256.0,321.0,79.8,4110.0,978.0,137.0,154.0,89.0,104.0,118.0,88.1,14.0,33.0,42.4,1,0.8,0.7,0.2,4.0,17.0,5.0,1.0,27.0,Partidos
314,Yerson Mosquera,co COL,DF,22-317,4.2,161.0,198.0,81.3,2958.0,1039.0,58.0,63.0,92.1,91.0,103.0,88.3,12.0,28.0,42.9,0,0.2,0.2,-0.2,2.0,10.0,2.0,1.0,12.0,Partidos
315,Gonçalo Guedes,pt POR,"DL,CC",27-106,3.8,93.0,123.0,75.6,1523.0,362.0,46.0,55.0,83.6,39.0,48.0,81.3,5.0,9.0,55.6,2,0.9,0.4,1.1,8.0,4.0,12.0,2.0,15.0,Partidos
316,Ben Brereton,cl CHI,"DL,CC",24-331,3.0,55.0,74.0,74.3,869.0,208.0,27.0,37.0,73.0,23.0,27.0,85.2,3.0,4.0,75.0,0,0.3,0.2,-0.3,2.0,3.0,2.0,0.0,14.0,Partidos
317,Carlos Romero,es ESP,DF,22-137,2.7,107.0,154.0,69.5,1783.0,679.0,56.0,69.0,81.2,44.0,59.0,74.6,6.0,17.0,35.3,0,0.0,0.2,0.0,0.0,4.0,1.0,0.0,6.0,Partidos
318,Bertrand Traoré,bf BFA,CC,28-190,1.7,39.0,49.0,79.6,616.0,186.0,22.0,26.0,84.6,12.0,15.0,80.0,4.0,6.0,66.7,0,0.3,0.3,-0.3,3.0,2.0,4.0,2.0,6.0,Partidos
319,Manu Trigueros,es ESP,CC,32-149,2.3,94.0,115.0,81.7,1510.0,329.0,44.0,52.0,84.6,39.0,43.0,90.7,6.0,8.0,75.0,0,0.1,0.2,-0.1,2.0,7.0,3.0,0.0,14.0,Partidos
320,Denis Suárez,es ESP,"CC,DL",30-068,1.5,79.0,94.0,84.0,1324.0,518.0,38.0,43.0,88.4,34.0,38.0,89.5,5.0,8.0,62.5,0,0.3,0.6,-0.3,3.0,11.0,2.0,1.0,13.0,Partidos
321,Pepe Reina,es ESP,PO,41-196,1.0,28.0,36.0,77.8,809.0,633.0,4.0,4.0,100.0,15.0,15.0,100.0,9.0,17.0,52.9,0,0.0,0.0,0.0,0.0,1.0,0.0,0.0,0.0,Partidos
322,Stefan Lekovic,rs SRB,DF,20-065,0.3,12.0,14.0,85.7,210.0,29.0,7.0,8.0,87.5,3.0,4.0,75.0,2.0,2.0,100.0,0,0.0,0.0,0.0,0.0,0.0,0.0,0.0,0.0,Partidos
323,Pascu,es ESP,DL,20-340,0.2,4.0,5.0,80.0,77.0,31.0,1.0,1.0,100.0,1.0,1.0,100.0,1.0,2.0,50.0,0,0.0,0.0,0.0,0.0,1.0,0.0,0.0,2.0,Partidos
324,Total del equipo,,,28.6,28.0,11134.0,13604.0,81.8,199863.0,74323.0,4958.0,5522.0,89.8,4916.0,5587.0,88.0,1090.0,1891.0,57.6,32,29.5,29.2,2.5,257.0,845.0,232.0,60.0,1109.0,
325,Total del oponente,,,27.8,28.0,10921.0,13584.0,80.4,195252.0,68034.0,4987.0,5583.0,89.3,4536.0,5225.0,86.8,1155.0,2108.0,54.8,37,29.2,32.8,7.8,282.0,891.0,270.0,94.0,1184.0,
326,David Soria,es ESP,PO,30-345,28.0,479.0,951.0,50.4,20446.0,18389.0,22.0,22.0,100.0,138.0,145.0,95.2,318.0,778.0,40.9,0,0.0,0.1,0.0,0.0,35.0,1.0,0.0,0.0,Partidos
327,Nemanja Maksimović,rs SRB,CC,29-048,26.4,614.0,765.0,80.3,8422.0,1622.0,372.0,428.0,86.9,183.0,231.0,79.2,25.0,46.0,54.3,0,0.7,1.3,-0.7,8.0,54.0,3.0,1.0,50.0,Partidos
328,Borja Mayoral,es ESP,DL,26-344,23.9,422.0,558.0,75.6,6846.0,1339.0,216.0,252.0,85.7,124.0,166.0,74.7,48.0,63.0,76.2,1,1.4,1.3,-0.4,20.0,48.0,7.0,2.0,67.0,Partidos
329,Gastón Álvarez,uy URU,DF,23-356,21.7,519.0,724.0,71.7,10054.0,3672.0,196.0,224.0,87.5,238.0,299.0,79.6,71.0,165.0,43.0,0,0.5,0.3,-0.5,5.0,53.0,4.0,3.0,48.0,Partidos
330,Djené,tg TOG,"DF,CC",32-074,19.8,571.0,754.0,75.7,10494.0,4029.0,228.0,267.0,85.4,264.0,328.0,80.5,64.0,120.0,53.3,0,0.2,0.5,-0.2,4.0,54.0,7.0,4.0,71.0,Partidos
331,Diego Rico,es ESP,DF,31-020,21.6,756.0,1141.0,66.3,13084.0,6792.0,374.0,447.0,83.7,290.0,435.0,66.7,75.0,190.0,39.5,7,3.3,2.8,3.7,31.0,81.0,28.0,22.0,96.0,Partidos
332,Mason Greenwood,eng ENG,"CC,DL",22-165,19.6,478.0,672.0,71.1,8382.0,1766.0,239.0,285.0,83.9,162.0,215.0,75.3,63.0,122.0,51.6,5,2.9,2.7,2.1,22.0,40.0,14.0,6.0,57.0,Partidos
333,Jaime Mata,es ESP,"DL,CC",35-142,14.1,269.0,419.0,64.2,3510.0,669.0,181.0,230.0,78.7,60.0,107.0,56.1,12.0,35.0,34.3,1,1.3,1.3,-0.3,14.0,11.0,9.0,5.0,16.0,Partidos
334,Luis Milla,es ESP,CC,29-159,15.0,597.0,781.0,76.4,11342.0,3393.0,270.0,302.0,89.4,211.0,268.0,78.7,98.0,165.0,59.4,1,1.3,1.7,-0.3,19.0,76.0,9.0,6.0,68.0,Partidos
335,Omar Alderete,py PAR,DF,27-079,14.9,346.0,578.0,59.9,8521.0,3846.0,84.0,114.0,73.7,169.0,220.0,76.8,90.0,219.0,41.1,1,0.8,0.4,0.2,9.0,54.0,8.0,0.0,54.0,Partidos
336,Damián Suárez,uy URU,DF,35-322,14.4,436.0,638.0,68.3,7921.0,3538.0,221.0,256.0,86.3,151.0,212.0,71.2,56.0,135.0,41.5,2,0.8,1.1,1.2,17.0,50.0,13.0,8.0,58.0,Partidos
337,Juanmi Latasa,es ESP,DL,22-357,13.6,162.0,311.0,52.1,2012.0,336.0,101.0,176.0,57.4,39.0,82.0,47.6,6.0,16.0,37.5,0,1.0,0.8,-1.0,15.0,12.0,7.0,0.0,15.0,Partidos
338,Iglesias,es ESP,"DF,DL",25-255,13.4,313.0,544.0,57.5,6162.0,2737.0,120.0,150.0,80.0,130.0,205.0,63.4,54.0,152.0,35.5,2,0.6,0.9,1.4,10.0,35.0,13.0,10.0,39.0,Partidos
339,Domingos Duarte,pt POR,DF,29-004,10.1,294.0,380.0,77.4,6753.0,2583.0,67.0,87.0,77.0,168.0,201.0,83.6,59.0,85.0,69.4,0,0.1,0.1,-0.1,2.0,40.0,1.0,1.0,47.0,Partidos
340,Carles Aleñá,es ESP,"CC,DL",26-069,9.5,239.0,314.0,76.1,4075.0,936.0,115.0,133.0,86.5,82.0,104.0,78.8,31.0,50.0,62.0,1,1.3,0.9,-0.3,15.0,19.0,3.0,2.0,15.0,Partidos
341,Carmona,es ESP,"CC,DF",22-045,8.3,186.0,256.0,72.7,2677.0,968.0,117.0,131.0,89.3,51.0,79.0,64.6,12.0,25.0,48.0,1,0.6,0.5,0.4,7.0,16.0,7.0,3.0,17.0,Partidos
342,Stefan Mitrović,rs SRB,DF,33-297,7.8,191.0,251.0,76.1,4178.0,1581.0,57.0,69.0,82.6,94.0,115.0,81.7,40.0,66.0,60.6,0,0.3,0.3,-0.3,2.0,16.0,1.0,0.0,19.0,Partidos
343,Jordi,es ESP,CC,23-069,5.3,116.0,194.0,59.8,1728.0,455.0,70.0,91.0,76.9,38.0,68.0,55.9,5.0,16.0,31.3,0,0.5,0.4,-0.5,6.0,11.0,2.0,1.0,10.0,Partidos
344,Mauro Arambarri,uy URU,CC,28-166,3.8,114.0,142.0,80.3,2299.0,646.0,48.0,55.0,87.3,48.0,56.0,85.7,18.0,25.0,72.0,0,0.0,0.1,0.0,2.0,17.0,2.0,2.0,20.0,Partidos
345,Ilaix Moriba,gn GUI,CC,21-055,2.6,58.0,77.0,75.3,885.0,153.0,32.0,41.0,78.0,18.0,21.0,85.7,5.0,7.0,71.4,0,0.0,0.1,0.0,0.0,6.0,1.0,0.0,8.0,Partidos
346,Óscar Rodríguez Arnaiz,es ESP,"CC,DL",25-260,4.1,179.0,236.0,75.8,3050.0,717.0,97.0,118.0,82.2,49.0,62.0,79.0,26.0,37.0,70.3,0,0.4,0.4,-0.4,10.0,26.0,4.0,0.0,29.0,Partidos
347,Jesús Santiago,es ESP,CC,19-294,1.9,35.0,50.0,70.0,462.0,170.0,23.0,28.0,82.1,10.0,15.0,66.7,1.0,2.0,50.0,0,0.1,0.1,-0.1,1.0,7.0,2.0,0.0,7.0,Partidos
348,Enes Ünal,tr TUR,"DL,CC",26-309,1.6,24.0,35.0,68.6,317.0,121.0,16.0,22.0,72.7,4.0,6.0,66.7,1.0,2.0,50.0,1,0.4,0.4,0.6,3.0,1.0,0.0,0.0,1.0,Partidos
349,Fabrizio Angileri,ar ARG,"DF,CC",29-365,1.1,41.0,66.0,62.1,684.0,126.0,20.0,27.0,74.1,14.0,22.0,63.6,5.0,12.0,41.7,0,0.2,0.2,-0.2,1.0,1.0,2.0,2.0,3.0,Partidos
350,Portu,es ESP,DL,31-298,1.1,17.0,23.0,73.9,226.0,115.0,8.0,10.0,80.0,5.0,6.0,83.3,1.0,1.0,100.0,0,0.2,0.3,-0.2,2.0,1.0,2.0,0.0,3.0,Partidos
351,Anthony Lozano,hn HON,"CC,DL",30-324,1.0,10.0,16.0,62.5,128.0,43.0,6.0,8.0,75.0,2.0,4.0,50.0,1.0,1.0,100.0,0,0.3,0.2,-0.3,1.0,1.0,1.0,1.0,1.0,Partidos
352,Santiago García,,DL,22-198,0.3,6.0,7.0,85.7,69.0,40.0,3.0,3.0,100.0,2.0,3.0,66.7,0.0,0.0,,0,0.0,0.1,0.0,0.0,0.0,2.0,0.0,2.0,Partidos
353,Gorka Rivera Alonso,es ESP,DF,19-226,0.0,4.0,6.0,66.7,77.0,71.0,2.0,2.0,100.0,1.0,1.0,100.0,1.0,3.0,33.3,0,0.0,0.0,0.0,0.0,1.0,0.0,0.0,0.0,Partidos
354,Total del equipo,,,28.3,28.0,7476.0,10889.0,68.7,144804.0,60853.0,3305.0,3978.0,83.1,2745.0,3676.0,74.7,1186.0,2538.0,46.7,23,19.1,19.4,3.9,226.0,766.0,153.0,79.0,821.0,
355,Total del oponente,,,27.8,28.0,11231.0,14493.0,77.5,193924.0,74353.0,5320.0,6035.0,88.2,4513.0,5397.0,83.6,1059.0,2214.0,47.8,28,29.2,26.2,-1.2,261.0,841.0,215.0,52.0,1011.0,
356,Antonio Sivera,es ESP,PO,27-216,28.0,530.0,893.0,59.4,18612.0,14697.0,95.0,95.0,100.0,172.0,175.0,98.3,260.0,618.0,42.1,0,0.1,0.1,-0.1,4.0,35.0,2.0,0.0,0.0,Partidos
357,Ander Guevara,es ESP,CC,26-251,26.4,937.0,1234.0,75.9,15656.0,5478.0,449.0,538.0,83.5,366.0,468.0,78.2,90.0,146.0,61.6,0,0.8,1.3,-0.8,19.0,144.0,17.0,2.0,166.0,Partidos
358,Luis Rioja,es ESP,"DL,CC",30-150,24.4,489.0,757.0,64.6,8092.0,2478.0,248.0,308.0,80.5,170.0,245.0,69.4,52.0,122.0,42.6,4,3.7,4.1,0.3,39.0,24.0,36.0,19.0,67.0,Partidos
359,Andoni Gorosabel,es ESP,DF,27-223,25.6,856.0,1071.0,79.9,12423.0,4954.0,516.0,575.0,89.7,272.0,342.0,79.5,41.0,79.0,51.9,0,0.8,1.6,-0.8,11.0,50.0,25.0,8.0,97.0,Partidos
360,Jon Guridi,es ESP,CC,29-015,22.4,499.0,640.0,78.0,7992.0,2331.0,262.0,312.0,84.0,189.0,223.0,84.8,33.0,56.0,58.9,4,3.0,2.4,1.0,26.0,51.0,15.0,3.0,94.0,Partidos
361,Rafa Marín,es ESP,DF,21-300,20.2,624.0,749.0,83.3,12889.0,5404.0,186.0,212.0,87.7,343.0,384.0,89.3,90.0,140.0,64.3,0,0.3,0.3,-0.3,5.0,52.0,1.0,0.0,60.0,Partidos
362,Antonio Blanco,es ESP,CC,23-235,19.5,602.0,779.0,77.3,10365.0,4172.0,285.0,331.0,86.1,236.0,289.0,81.7,59.0,106.0,55.7,1,0.9,0.8,0.1,16.0,72.0,14.0,6.0,101.0,Partidos
363,Abdel Abqar,ma MAR,DF,25-004,18.2,417.0,568.0,73.4,9415.0,3993.0,106.0,125.0,84.8,225.0,253.0,88.9,78.0,163.0,47.9,0,0.0,0.1,0.0,1.0,47.0,1.0,0.0,41.0,Partidos
364,Javi López,es ESP,DF,22-073,18.8,568.0,833.0,68.2,9857.0,4012.0,289.0,339.0,85.3,200.0,284.0,70.4,66.0,161.0,41.0,3,3.0,2.3,0.0,13.0,44.0,18.0,14.0,68.0,Partidos
365,Samuel Omorodion,es ESP,DL,19-314,17.1,182.0,244.0,74.6,2448.0,317.0,116.0,144.0,80.6,51.0,66.0,77.3,6.0,10.0,60.0,1,1.2,0.5,-0.2,15.0,8.0,4.0,0.0,11.0,Partidos
366,Rubén Duarte,es ESP,DF,28-148,16.0,454.0,657.0,69.1,8693.0,4058.0,188.0,216.0,87.0,203.0,273.0,74.4,58.0,144.0,40.3,0,1.1,1.0,-1.1,12.0,48.0,11.0,8.0,62.0,Partidos
367,Alex Sola,es ESP,"DL,CC",24-279,11.7,207.0,338.0,61.2,3536.0,1276.0,102.0,122.0,83.6,79.0,119.0,66.4,22.0,62.0,35.5,2,1.9,1.8,0.1,22.0,19.0,19.0,9.0,32.0,Partidos
368,Aleksandar Sedlar,rs SRB,DF,32-092,10.5,343.0,405.0,84.7,6944.0,2813.0,115.0,129.0,89.1,178.0,201.0,88.6,46.0,67.0,68.7,0,0.1,0.1,-0.1,2.0,31.0,0.0,0.0,26.0,Partidos
369,Kiké,es ESP,"DL,CC",34-110,11.2,148.0,221.0,67.0,2229.0,395.0,73.0,103.0,70.9,54.0,77.0,70.1,8.0,13.0,61.5,0,1.3,0.9,-1.3,12.0,9.0,7.0,2.0,22.0,Partidos
370,Abderrahman Rebbach,dz ALG,"DL,CC",25-216,7.0,106.0,195.0,54.4,1874.0,725.0,55.0,72.0,76.4,34.0,57.0,59.6,13.0,38.0,34.2,0,1.5,1.4,-1.5,15.0,11.0,5.0,2.0,13.0,Partidos
371,Ianis Hagi,ro ROU,"CC,DL",25-144,6.4,144.0,229.0,62.9,2815.0,908.0,71.0,88.0,80.7,46.0,73.0,63.0,26.0,52.0,50.0,1,1.4,1.5,-0.4,17.0,14.0,11.0,4.0,25.0,Partidos
372,Carlos Benavídez,uy URU,CC,25-350,7.4,195.0,283.0,68.9,3664.0,1178.0,87.0,107.0,81.3,82.0,115.0,71.3,23.0,49.0,46.9,1,0.2,0.3,0.8,4.0,30.0,5.0,0.0,39.0,Partidos
373,Nahuel Tenaglia,ar ARG,DF,28-022,6.2,146.0,209.0,69.9,2832.0,1340.0,52.0,63.0,82.5,79.0,100.0,79.0,13.0,32.0,40.6,0,0.1,0.1,-0.1,3.0,12.0,2.0,1.0,17.0,Partidos
374,Carlos Vicente,es ESP,"DL,CC",24-326,5.4,88.0,160.0,55.0,1580.0,536.0,38.0,63.0,60.3,32.0,44.0,72.7,13.0,32.0,40.6,2,1.1,0.6,0.9,13.0,3.0,6.0,5.0,10.0,Partidos
375,Xeber,es ESP,"DL,CC",26-262,3.0,62.0,91.0,68.1,880.0,204.0,42.0,47.0,89.4,16.0,22.0,72.7,3.0,8.0,37.5,0,0.6,0.5,-0.6,5.0,3.0,0.0,0.0,4.0,Partidos
376,Miguel,es ESP,"DL,CC",24-193,0.7,7.0,15.0,46.7,75.0,0.0,3.0,6.0,50.0,2.0,4.0,50.0,0.0,1.0,0.0,0,0.0,0.0,0.0,0.0,0.0,0.0,0.0,0.0,Partidos
377,Giuliano Simeone,ar ARG,DL,21-087,0.8,13.0,20.0,65.0,180.0,27.0,9.0,12.0,75.0,4.0,5.0,80.0,0.0,1.0,0.0,0,0.0,0.0,0.0,0.0,1.0,0.0,0.0,2.0,Partidos
378,Mamadou Sylla,sn SEN,"DL,CC",29-360,0.2,3.0,7.0,42.9,64.0,6.0,1.0,4.0,25.0,1.0,1.0,100.0,1.0,1.0,100.0,0,0.0,0.0,0.0,0.0,2.0,0.0,0.0,1.0,Partidos
379,Jon Karrikaburu,es ESP,"CC,DL",21-177,0.2,2.0,5.0,40.0,58.0,9.0,0.0,2.0,0.0,1.0,1.0,100.0,1.0,1.0,100.0,0,0.0,0.0,0.0,0.0,0.0,0.0,0.0,0.0,Partidos
380,Tomás Mendes,es ESP,CC,19-114,0.1,4.0,6.0,66.7,63.0,0.0,1.0,2.0,50.0,3.0,3.0,100.0,0.0,0.0,,0,0.0,0.0,0.0,0.0,0.0,0.0,0.0,0.0,Partidos
381,Unai Ropero,es ESP,CC,22-115,0.1,4.0,5.0,80.0,46.0,20.0,3.0,3.0,100.0,1.0,1.0,100.0,0.0,0.0,,0,0.0,0.0,0.0,0.0,0.0,0.0,0.0,0.0,Partidos
382,Joaquín Panichelli,ar ARG,DL,21-159,0.0,2.0,2.0,100.0,14.0,0.0,2.0,2.0,100.0,0.0,0.0,,0.0,0.0,,0,0.0,0.0,0.0,0.0,0.0,0.0,0.0,0.0,Partidos
383,Victor Parada,es ESP,"DL,CC",21-345,0.0,0.0,0.0,,0.0,0.0,0.0,0.0,,0.0,0.0,,0.0,0.0,,0,0.0,0.0,0.0,0.0,0.0,0.0,0.0,0.0,Partidos
384,Total del equipo,,,26.4,28.0,7632.0,10616.0,71.9,143296.0,61331.0,3394.0,4020.0,84.4,3039.0,3825.0,79.5,1002.0,2102.0,47.7,19,22.8,21.9,-3.8,254.0,710.0,199.0,83.0,958.0,
385,Total del oponente,,,28.1,28.0,11954.0,14867.0,80.4,208924.0,74897.0,5483.0,6160.0,89.0,5001.0,5799.0,86.2,1151.0,2188.0,52.6,19,21.1,25.6,-2.1,250.0,910.0,202.0,62.0,1110.0,
386,Lucas Ocampos,ar ARG,"DL,CC",29-247,23.0,567.0,883.0,64.2,8848.0,2383.0,317.0,414.0,76.6,171.0,264.0,64.8,48.0,118.0,40.7,2,2.7,2.7,-0.7,24.0,33.0,31.0,15.0,80.0,Partidos
387,Loïc Bade,fr FRA,DF,23-338,18.0,744.0,915.0,81.3,14739.0,5752.0,246.0,271.0,90.8,407.0,465.0,87.5,84.0,156.0,53.8,1,0.3,0.4,0.7,7.0,57.0,1.0,0.0,60.0,Partidos
388,Youssef En-Nesyri,ma MAR,DL,26-287,19.0,134.0,211.0,63.5,1683.0,264.0,83.0,117.0,70.9,34.0,53.0,64.2,3.0,8.0,37.5,1,1.2,0.8,-0.2,8.0,8.0,3.0,0.0,10.0,Partidos
389,Sergio Ramos,es ESP,DF,37-350,18.0,893.0,1005.0,88.9,19004.0,7185.0,277.0,303.0,91.4,453.0,480.0,94.4,156.0,207.0,75.4,0,0.0,0.2,0.0,1.0,62.0,1.0,0.0,60.0,Partidos
390,Djibril Sow,ch SUI,CC,27-037,16.1,577.0,672.0,85.9,9477.0,1878.0,274.0,308.0,89.0,249.0,274.0,90.9,38.0,52.0,73.1,1,0.8,1.1,0.2,15.0,57.0,7.0,2.0,73.0,Partidos
391,Jesús Navas,es ESP,DF,38-114,16.0,663.0,923.0,71.8,11560.0,3826.0,330.0,383.0,86.2,240.0,318.0,75.5,75.0,153.0,49.0,0,0.8,1.5,-0.8,15.0,54.0,25.0,13.0,81.0,Partidos
392,Boubakary Soumaré,fr FRA,CC,25-016,16.4,799.0,890.0,89.8,13430.0,3638.0,368.0,404.0,91.1,351.0,376.0,93.4,64.0,79.0,81.0,0,0.1,0.3,-0.1,4.0,77.0,0.0,0.0,69.0,Partidos
393,Ivan Rakitić,hr CRO,CC,36-004,15.8,821.0,1095.0,75.0,16004.0,4888.0,352.0,406.0,86.7,302.0,374.0,80.7,145.0,259.0,56.0,1,3.0,4.1,-2.0,49.0,111.0,26.0,16.0,127.0,Partidos
394,Nemanja Gudelj,rs SRB,DF,32-119,15.5,769.0,893.0,86.1,14225.0,4942.0,283.0,307.0,92.2,419.0,457.0,91.7,59.0,94.0,62.8,0,0.3,0.2,-0.3,5.0,68.0,1.0,1.0,64.0,Partidos
395,Óliver Torres,es ESP,CC,29-125,14.4,597.0,736.0,81.1,9151.0,2751.0,341.0,376.0,90.7,190.0,227.0,83.7,45.0,88.0,51.1,1,2.1,2.4,-1.1,19.0,64.0,17.0,8.0,83.0,Partidos
396,Ørjan Nyland,no NOR,PO,33-186,14.0,264.0,447.0,59.1,9029.0,7665.0,45.0,45.0,100.0,95.0,96.0,99.0,121.0,300.0,40.3,0,0.0,0.0,0.0,1.0,8.0,0.0,0.0,0.0,Partidos
397,Adrià Pedrosa,es ESP,DF,25-306,16.4,571.0,786.0,72.6,9050.0,3183.0,326.0,375.0,86.9,199.0,268.0,74.3,39.0,97.0,40.2,4,1.8,1.3,2.2,20.0,41.0,15.0,11.0,58.0,Partidos
398,Suso,es ESP,"CC,DL",30-116,13.6,575.0,753.0,76.4,10203.0,3294.0,298.0,332.0,89.8,182.0,234.0,77.8,82.0,140.0,58.6,3,3.4,4.5,-0.4,37.0,59.0,34.0,12.0,95.0,Partidos
399,Marko Dmitrović,rs SRB,PO,32-050,13.0,292.0,394.0,74.1,7811.0,5954.0,65.0,65.0,100.0,152.0,153.0,99.3,74.0,174.0,42.5,0,0.0,0.0,0.0,1.0,8.0,0.0,0.0,1.0,Partidos
400,Kike Salas,es ESP,DF,21-326,10.1,482.0,618.0,78.0,7717.0,2747.0,247.0,279.0,88.5,204.0,251.0,81.3,21.0,65.0,32.3,0,0.3,0.2,-0.3,3.0,26.0,3.0,1.0,42.0,Partidos
401,Marcos Acuña,ar ARG,DF,32-138,8.1,396.0,510.0,77.6,7731.0,3166.0,162.0,178.0,91.0,165.0,202.0,81.7,62.0,111.0,55.9,1,0.5,1.2,0.5,9.0,36.0,14.0,9.0,40.0,Partidos
402,Juanlu Sánchez,es ESP,DF,20-212,11.3,490.0,617.0,79.4,7255.0,2505.0,286.0,324.0,88.3,176.0,213.0,82.6,19.0,41.0,46.3,2,1.0,1.1,1.0,16.0,33.0,19.0,10.0,45.0,Partidos
403,Dodi Lukebakio,be BEL,DL,26-172,8.4,201.0,267.0,75.3,2945.0,445.0,114.0,129.0,88.4,61.0,76.0,80.3,15.0,30.0,50.0,1,0.4,0.9,0.6,10.0,6.0,9.0,3.0,23.0,Partidos
404,Isaac Bernal,es ESP,DL,23-301,7.7,,,,,,,,,,,,,,,4,,,,,,,,,Partidos
405,Fernando,br BRA,CC,36-233,5.1,209.0,242.0,86.4,3691.0,1069.0,98.0,107.0,91.6,89.0,99.0,89.9,18.0,24.0,75.0,0,0.3,0.3,-0.3,2.0,21.0,5.0,2.0,24.0,Partidos
406,Érik Lamela,ar ARG,"DL,CC",32-010,4.2,109.0,133.0,82.0,1418.0,383.0,64.0,72.0,88.9,37.0,44.0,84.1,1.0,5.0,20.0,0,0.9,0.6,-0.9,11.0,8.0,6.0,2.0,15.0,Partidos
407,Joan Jordán,es ESP,CC,29-252,3.9,189.0,218.0,86.7,3386.0,1099.0,86.0,94.0,91.5,80.0,88.0,90.9,19.0,23.0,82.6,0,0.0,0.1,0.0,2.0,30.0,1.0,0.0,29.0,Partidos
408,Rafa Mir,es ESP,"DL,CC",26-270,4.3,61.0,88.0,69.3,868.0,109.0,32.0,41.0,78.0,24.0,30.0,80.0,2.0,5.0,40.0,0,0.3,0.1,-0.3,5.0,1.0,1.0,1.0,2.0,Partidos
409,Marcão,br BRA,DF,27-283,3.4,165.0,185.0,89.2,3034.0,1236.0,61.0,63.0,96.8,90.0,99.0,90.9,13.0,17.0,76.5,0,0.2,0.0,-0.2,1.0,16.0,0.0,0.0,12.0,Partidos
410,Mariano,do DOM,DL,30-226,2.4,29.0,43.0,67.4,435.0,125.0,15.0,21.0,71.4,7.0,11.0,63.6,4.0,6.0,66.7,0,0.1,0.1,-0.1,2.0,2.0,1.0,1.0,6.0,Partidos
411,Tanguy Nianzou,fr FRA,DF,21-281,2.3,108.0,124.0,87.1,2075.0,554.0,34.0,40.0,85.0,61.0,66.0,92.4,11.0,14.0,78.6,0,0.0,0.0,0.0,0.0,14.0,0.0,0.0,13.0,Partidos
412,Lucien Agoume,fr FRA,CC,22-034,1.7,62.0,78.0,79.5,978.0,267.0,34.0,39.0,87.2,20.0,24.0,83.3,5.0,7.0,71.4,0,0.0,0.0,0.0,1.0,5.0,1.0,0.0,7.0,Partidos
413,Hannibal Mejbri,tn TUN,CC,21-053,1.0,33.0,39.0,84.6,421.0,71.0,22.0,24.0,91.7,10.0,13.0,76.9,1.0,1.0,100.0,0,0.2,0.0,-0.2,2.0,3.0,1.0,0.0,2.0,Partidos
414,Yassine Bounou,ma MAR,PO,32-344,1.0,20.0,31.0,64.5,673.0,573.0,5.0,5.0,100.0,6.0,7.0,85.7,9.0,19.0,47.4,0,0.0,0.0,0.0,0.0,1.0,0.0,0.0,0.0,Partidos
415,Adnan Januzaj,be BEL,"DL,CC",29-038,2.1,70.0,88.0,79.5,1250.0,244.0,35.0,38.0,92.1,23.0,28.0,82.1,10.0,18.0,55.6,0,0.0,0.2,0.0,2.0,6.0,1.0,1.0,9.0,Partidos
416,Diego Iturralde,es ESP,DF,20-333,0.4,9.0,14.0,64.3,148.0,110.0,5.0,5.0,100.0,4.0,7.0,57.1,0.0,2.0,0.0,0,0.0,0.0,0.0,0.0,0.0,0.0,0.0,1.0,Partidos
417,Alejo Véliz,ar ARG,DL,20-177,0.3,4.0,6.0,66.7,49.0,2.0,2.0,4.0,50.0,1.0,1.0,100.0,0.0,0.0,,0,0.0,0.0,0.0,0.0,0.0,0.0,0.0,0.0,Partidos
418,Manuel Sebastián,es ESP,CC,19-231,0.2,13.0,15.0,86.7,224.0,80.0,6.0,7.0,85.7,2.0,2.0,100.0,3.0,4.0,75.0,0,0.0,0.0,0.0,1.0,0.0,0.0,0.0,1.0,Partidos
419,Jesús Corona,mx MEX,"CC,DF",31-068,0.2,9.0,14.0,64.3,106.0,14.0,6.0,7.0,85.7,3.0,6.0,50.0,0.0,1.0,0.0,0,0.0,0.0,0.0,0.0,0.0,0.0,0.0,0.0,Partidos
420,Federico Gattoni,ar ARG,"DF,DL",25-027,0.1,7.0,9.0,77.8,137.0,21.0,2.0,3.0,66.7,2.0,3.0,66.7,2.0,2.0,100.0,0,0.0,0.0,0.0,0.0,0.0,0.0,0.0,0.0,Partidos
421,Total del equipo,,,29.4,28.0,10932.0,13942.0,78.4,198755.0,72423.0,4921.0,5586.0,88.1,4509.0,5309.0,84.9,1248.0,2320.0,53.8,22,22.3,25.4,-0.3,273.0,915.0,223.0,108.0,1132.0,
422,Total del oponente,,,27.9,28.0,10253.0,13165.0,77.9,183794.0,70759.0,4644.0,5313.0,87.4,4234.0,5043.0,84.0,1122.0,2097.0,53.5,29,30.4,26.3,-1.4,270.0,805.0,208.0,73.0,1051.0,
423,Predrag Rajković,rs SRB,PO,28-135,28.0,560.0,962.0,58.2,22161.0,18588.0,56.0,56.0,100.0,172.0,178.0,96.6,331.0,724.0,45.7,0,0.2,0.1,-0.2,3.0,38.0,0.0,0.0,0.0,Partidos
424,Dani Rodríguez,es ESP,CC,35-282,22.1,499.0,737.0,67.7,8438.0,2934.0,242.0,289.0,83.7,176.0,246.0,71.5,56.0,136.0,41.2,4,3.8,3.8,0.2,42.0,49.0,20.0,7.0,81.0,Partidos
425,Martin Valjent,sk SVK,DF,28-094,20.5,613.0,783.0,78.3,11533.0,4739.0,231.0,254.0,90.9,304.0,354.0,85.9,62.0,135.0,45.9,0,0.5,0.3,-0.5,4.0,40.0,2.0,1.0,35.0,Partidos
426,Samu Costa,pt POR,CC,23-108,20.9,659.0,864.0,76.3,12195.0,3251.0,283.0,342.0,82.7,285.0,344.0,82.8,80.0,122.0,65.6,1,0.5,0.8,0.5,12.0,66.0,9.0,4.0,78.0,Partidos
427,Giovanni González,uy URU,DF,29-176,20.3,620.0,850.0,72.9,10314.0,4298.0,318.0,370.0,85.9,225.0,305.0,73.8,64.0,124.0,51.6,1,1.0,1.5,0.0,13.0,52.0,19.0,9.0,60.0,Partidos
428,Matija Nastasić,rs SRB,DF,30-352,19.1,550.0,695.0,79.1,11633.0,4568.0,176.0,199.0,88.4,275.0,320.0,85.9,95.0,164.0,57.9,0,0.6,0.6,-0.6,4.0,37.0,5.0,2.0,44.0,Partidos
429,Vedat Muriqi,xk KVX,DL,29-325,17.7,277.0,455.0,60.9,4035.0,748.0,153.0,238.0,64.3,80.0,129.0,62.0,19.0,30.0,63.3,2,2.3,1.6,-0.3,29.0,28.0,10.0,2.0,28.0,Partidos
430,Antonio Sánchez,es ESP,CC,27-073,12.7,290.0,425.0,68.2,4659.0,1440.0,149.0,186.0,80.1,108.0,139.0,77.7,24.0,48.0,50.0,1,0.6,1.5,0.4,9.0,24.0,10.0,4.0,45.0,Partidos
431,Sergi Darder,es ESP,CC,30-083,18.1,511.0,720.0,71.0,9832.0,3555.0,225.0,255.0,88.2,186.0,239.0,77.8,86.0,175.0,49.1,3,5.1,3.8,-2.1,35.0,90.0,25.0,10.0,97.0,Partidos
432,Antonio Raillo,es ESP,DF,32-158,15.4,548.0,648.0,84.6,10576.0,3973.0,192.0,219.0,87.7,299.0,330.0,90.6,53.0,84.0,63.1,0,0.8,0.6,-0.8,3.0,23.0,0.0,0.0,37.0,Partidos
433,Cyle Larin,ca CAN,DL,28-332,15.5,146.0,226.0,64.6,1913.0,299.0,83.0,113.0,73.5,41.0,63.0,65.1,8.0,13.0,61.5,2,0.8,0.2,1.2,10.0,7.0,1.0,0.0,10.0,Partidos
434,Jaume Costa,es ESP,DF,35-362,13.9,453.0,632.0,71.7,7015.0,3255.0,255.0,290.0,87.9,159.0,220.0,72.3,29.0,89.0,32.6,0,0.5,0.9,-0.5,9.0,28.0,13.0,8.0,38.0,Partidos
435,Pablo Maffeo,es ESP,DF,26-246,12.5,287.0,464.0,61.9,5037.0,2279.0,135.0,163.0,82.8,114.0,179.0,63.7,31.0,86.0,36.0,2,0.6,0.8,1.4,8.0,26.0,7.0,6.0,30.0,Partidos
436,Toni Lato,es ESP,DF,26-114,12.9,414.0,558.0,74.2,6844.0,2270.0,215.0,251.0,85.7,158.0,212.0,74.5,31.0,59.0,52.5,1,0.9,0.8,0.1,6.0,16.0,7.0,5.0,24.0,Partidos
437,Manu Morlanes,es ESP,CC,25-062,12.7,446.0,546.0,81.7,7265.0,2137.0,232.0,267.0,86.9,154.0,175.0,88.0,43.0,61.0,70.5,1,1.2,1.6,-0.2,11.0,56.0,12.0,3.0,78.0,Partidos
438,Omar Mascarell,es ESP,CC,31-041,11.7,415.0,511.0,81.2,7811.0,2147.0,175.0,204.0,85.8,181.0,206.0,87.9,53.0,80.0,66.3,0,0.0,0.2,0.0,2.0,38.0,5.0,0.0,46.0,Partidos
439,Copete,es ESP,DF,24-156,10.4,277.0,364.0,76.1,5270.0,1787.0,108.0,120.0,90.0,130.0,158.0,82.3,32.0,73.0,43.8,0,0.1,0.2,-0.1,3.0,24.0,4.0,2.0,27.0,Partidos
440,Abdón Prats,es ESP,DL,31-098,10.4,107.0,189.0,56.6,1606.0,389.0,59.0,83.0,71.1,36.0,60.0,60.0,7.0,17.0,41.2,1,2.3,1.1,-1.3,12.0,9.0,7.0,0.0,21.0,Partidos
441,Siebe Van Der Heyden,be BEL,DF,25-289,3.2,70.0,101.0,69.3,1241.0,438.0,34.0,35.0,97.1,28.0,36.0,77.8,8.0,26.0,30.8,0,0.0,0.1,0.0,0.0,1.0,0.0,0.0,1.0,Partidos
442,Amath,sn SEN,"DL,CC",27-242,4.4,76.0,113.0,67.3,1118.0,296.0,42.0,55.0,76.4,24.0,38.0,63.2,6.0,8.0,75.0,0,0.4,0.3,-0.4,3.0,8.0,4.0,2.0,13.0,Partidos
443,Nacho Vidal,es ESP,DF,29-050,1.9,61.0,88.0,69.3,822.0,338.0,45.0,48.0,93.8,13.0,25.0,52.0,2.0,8.0,25.0,0,0.1,0.2,-0.1,2.0,1.0,2.0,1.0,7.0,Partidos
444,Nemanja Radonjić,rs SRB,CC,28-028,0.9,16.0,27.0,59.3,275.0,58.0,11.0,16.0,68.8,2.0,4.0,50.0,3.0,6.0,50.0,0,0.1,0.1,-0.1,2.0,2.0,1.0,1.0,2.0,Partidos
445,Javier Llabrés,es ESP,"CC,DL",21-185,1.9,45.0,68.0,66.2,705.0,122.0,22.0,28.0,78.6,17.0,26.0,65.4,4.0,8.0,50.0,0,0.2,0.2,-0.2,4.0,0.0,1.0,1.0,1.0,Partidos
446,Total del equipo,,,29.2,28.0,7940.0,11026.0,72.0,152298.0,63909.0,3441.0,4081.0,84.3,3167.0,3986.0,79.5,1127.0,2276.0,49.5,19,22.7,21.5,-3.7,226.0,663.0,164.0,68.0,803.0,
447,Total del oponente,,,27.6,28.0,11450.0,14365.0,79.7,194994.0,69757.0,5585.0,6298.0,88.7,4456.0,5239.0,85.1,1084.0,2086.0,52.0,25,23.5,27.5,1.5,269.0,943.0,227.0,69.0,1089.0,
448,Stole Dimitrievski,mk MKD,PO,30-080,28.0,564.0,925.0,61.0,16977.0,12675.0,97.0,97.0,100.0,254.0,260.0,97.7,211.0,563.0,37.5,0,0.0,0.1,0.0,1.0,22.0,0.0,0.0,0.0,Partidos
449,Florian Lejeune,fr FRA,DF,32-299,28.0,1268.0,1557.0,81.4,28055.0,12689.0,306.0,343.0,89.2,737.0,791.0,93.2,212.0,387.0,54.8,1,0.5,0.7,0.5,7.0,100.0,4.0,1.0,88.0,Partidos
450,Alfonso Espino,uy URU,DF,32-069,24.1,964.0,1282.0,75.2,16175.0,7102.0,468.0,529.0,88.5,399.0,506.0,78.9,75.0,161.0,46.6,1,2.5,2.3,-1.5,25.0,66.0,20.0,9.0,103.0,Partidos
451,Isaac Palazón Camacho,es ESP,"CC,DL",29-078,23.2,616.0,908.0,67.8,10247.0,3024.0,327.0,394.0,83.0,201.0,280.0,71.8,67.0,166.0,40.4,1,1.3,1.7,-0.3,25.0,70.0,13.0,2.0,89.0,Partidos
452,Iván Balliu,al ALB,DF,32-073,24.0,843.0,1124.0,75.0,14220.0,5818.0,424.0,481.0,88.1,333.0,428.0,77.8,69.0,145.0,47.6,0,1.9,2.0,-1.9,19.0,56.0,16.0,9.0,77.0,Partidos
453,Óscar Valentín,es ESP,CC,29-207,23.0,788.0,982.0,80.2,13335.0,4536.0,377.0,433.0,87.1,329.0,392.0,83.9,67.0,111.0,60.4,0,0.5,0.6,-0.5,10.0,94.0,4.0,1.0,101.0,Partidos
454,Álvaro García,es ESP,"DL,CC",31-139,21.9,405.0,656.0,61.7,6036.0,1871.0,237.0,296.0,80.1,127.0,203.0,62.6,24.0,91.0,26.4,1,2.6,2.5,-1.6,32.0,26.0,29.0,18.0,51.0,Partidos
455,Unai López,es ESP,CC,28-136,16.9,841.0,1022.0,82.3,15424.0,4726.0,379.0,403.0,94.0,338.0,388.0,87.1,101.0,183.0,55.2,2,2.2,2.0,-0.2,21.0,68.0,20.0,4.0,75.0,Partidos
456,Aridane Hernández,es ESP,DF,34-357,17.8,618.0,725.0,85.2,11896.0,3903.0,225.0,248.0,90.7,321.0,355.0,90.4,65.0,107.0,60.7,0,0.0,0.1,0.0,2.0,17.0,0.0,0.0,19.0,Partidos
457,Raúl de Tomás,es ESP,DL,29-149,12.6,187.0,245.0,76.3,3060.0,427.0,98.0,116.0,84.5,56.0,69.0,81.2,21.0,28.0,75.0,2,1.2,0.3,0.8,6.0,13.0,3.0,0.0,22.0,Partidos
458,Sergio Camello,es ESP,DL,23-033,12.5,202.0,265.0,76.2,2694.0,584.0,126.0,152.0,82.9,54.0,71.0,76.1,9.0,16.0,56.3,1,0.7,1.0,0.3,13.0,14.0,10.0,0.0,30.0,Partidos
459,Óscar Trejo,ar ARG,"DL,CC",35-323,11.2,443.0,541.0,81.9,5971.0,1736.0,274.0,306.0,89.5,124.0,150.0,82.7,20.0,36.0,55.6,0,0.7,1.0,-0.7,14.0,52.0,15.0,0.0,91.0,Partidos
460,Pathé Ciss,sn SEN,CC,29-364,13.4,517.0,632.0,81.8,9647.0,2851.0,214.0,254.0,84.3,237.0,267.0,88.8,57.0,81.0,70.4,0,0.4,0.5,-0.4,8.0,61.0,4.0,1.0,57.0,Partidos
461,Abdul Mumin,gh GHA,DF,25-282,9.8,327.0,405.0,80.7,6866.0,2358.0,86.0,99.0,86.9,195.0,213.0,91.5,41.0,85.0,48.2,0,0.0,0.1,0.0,0.0,18.0,2.0,0.0,25.0,Partidos
462,Kike Pérez,es ESP,"CC,DL",27-029,9.1,265.0,350.0,75.7,4489.0,1389.0,125.0,138.0,90.6,106.0,144.0,73.6,24.0,42.0,57.1,0,0.2,0.7,-0.2,6.0,31.0,6.0,0.0,44.0,Partidos
463,Jorge de Frutos,es ESP,"CC,DL",27-023,9.7,199.0,278.0,71.6,3189.0,819.0,112.0,139.0,80.6,68.0,89.0,76.4,13.0,24.0,54.2,0,0.8,0.6,-0.8,7.0,12.0,11.0,4.0,23.0,Partidos
464,Pep Chavarría,es ESP,"DF,CC",25-339,6.4,281.0,371.0,75.7,4629.0,1327.0,133.0,158.0,84.2,130.0,161.0,80.7,14.0,33.0,42.4,1,0.3,0.5,0.7,6.0,24.0,13.0,6.0,33.0,Partidos
465,Andrei Ratiu,ro ROU,DF,25-268,3.6,124.0,161.0,77.0,2068.0,662.0,67.0,81.0,82.7,43.0,53.0,81.1,12.0,17.0,70.6,0,0.2,0.1,-0.2,3.0,5.0,1.0,1.0,6.0,Partidos
466,Randy Ntekja,fr FRA,"DL,CC",26-099,5.2,98.0,140.0,70.0,1234.0,286.0,65.0,84.0,77.4,23.0,34.0,67.6,3.0,3.0,100.0,1,0.9,0.6,0.1,7.0,6.0,4.0,0.0,13.0,Partidos
467,Crespo,pt POR,CC,27-185,2.6,112.0,133.0,84.2,1595.0,549.0,63.0,71.0,88.7,40.0,49.0,81.6,5.0,8.0,62.5,0,0.4,0.4,-0.4,2.0,19.0,3.0,0.0,18.0,Partidos
468,Radamel Falcao,co COL,"DL,DF",38-033,2.6,52.0,66.0,78.8,624.0,103.0,37.0,44.0,84.1,9.0,12.0,75.0,2.0,3.0,66.7,0,0.2,0.2,-0.2,2.0,3.0,0.0,0.0,4.0,Partidos
469,Bebé,cv CPV,"CC,DL",33-246,1.6,43.0,74.0,58.1,843.0,251.0,19.0,28.0,67.9,16.0,23.0,69.6,8.0,21.0,38.1,0,0.2,0.4,-0.2,2.0,4.0,4.0,3.0,5.0,Partidos
470,Salvi,es ESP,CC,32-350,0.3,10.0,12.0,83.3,139.0,17.0,4.0,4.0,100.0,4.0,5.0,80.0,1.0,2.0,50.0,0,0.0,0.0,0.0,0.0,0.0,0.0,0.0,0.0,Partidos
471,José Pozo,es ESP,"CC,DL",27-365,0.1,8.0,8.0,100.0,97.0,4.0,5.0,5.0,100.0,3.0,3.0,100.0,0.0,0.0,,0,0.0,0.0,0.0,0.0,0.0,0.0,0.0,0.0,Partidos
472,Diego Méndez,es ESP,CC,20-198,0.1,2.0,2.0,100.0,26.0,21.0,1.0,1.0,100.0,1.0,1.0,100.0,0.0,0.0,,0,0.0,0.0,0.0,0.0,0.0,0.0,0.0,1.0,Partidos
473,Total del equipo,,,30.3,28.0,9777.0,12864.0,76.0,179536.0,69728.0,4269.0,4904.0,87.1,4148.0,4947.0,83.8,1121.0,2313.0,48.5,11,17.6,18.4,-6.6,218.0,781.0,182.0,59.0,975.0,
474,Total del oponente,,,27.7,28.0,10128.0,13209.0,76.7,177286.0,72695.0,4938.0,5687.0,86.8,3890.0,4690.0,82.9,1028.0,2064.0,49.8,27,28.6,26.8,-1.6,270.0,785.0,225.0,64.0,1035.0,
475,Jørgen Strand Larsen,no NOR,DL,24-037,24.7,313.0,465.0,67.3,3793.0,601.0,219.0,289.0,75.8,59.0,94.0,62.8,12.0,16.0,75.0,2,1.8,1.5,0.2,20.0,16.0,11.0,2.0,19.0,Partidos
476,Unai Núñez,es ESP,DF,27-044,27.5,1094.0,1405.0,77.9,22500.0,9181.0,339.0,392.0,86.5,600.0,689.0,87.1,145.0,286.0,50.7,0,0.7,0.9,-0.7,8.0,74.0,2.0,0.0,90.0,Partidos
477,Óscar Mingueza,es ESP,"DF,CC",24-306,23.8,870.0,1221.0,71.3,14147.0,7326.0,473.0,546.0,86.6,290.0,404.0,71.8,82.0,187.0,43.9,2,2.7,4.4,-0.7,38.0,104.0,35.0,12.0,107.0,Partidos
478,Iago Aspas,es ESP,DL,36-226,20.9,618.0,871.0,71.0,10180.0,3205.0,309.0,384.0,80.5,200.0,269.0,74.3,73.0,147.0,49.7,5,6.7,6.4,-1.7,68.0,60.0,31.0,3.0,95.0,Partidos
479,Luca de la Torre,us USA,CC,25-296,20.1,551.0,685.0,80.4,7032.0,1965.0,349.0,389.0,89.7,160.0,187.0,85.6,12.0,24.0,50.0,4,1.4,1.4,2.6,17.0,50.0,6.0,0.0,86.0,Partidos
480,Carl Starfelt,se SWE,DF,28-287,19.9,675.0,783.0,86.2,12468.0,4623.0,246.0,273.0,90.1,379.0,415.0,91.3,44.0,76.0,57.9,0,0.2,0.1,-0.2,2.0,29.0,1.0,0.0,33.0,Partidos
481,Fran Beltrán,es ESP,CC,25-040,17.9,685.0,818.0,83.7,10829.0,3351.0,345.0,388.0,88.9,273.0,314.0,86.9,43.0,72.0,59.7,0,0.5,1.1,-0.5,9.0,70.0,7.0,1.0,70.0,Partidos
482,Jonathan Bamba,ci CIV,"CC,DL",27-354,17.3,460.0,604.0,76.2,5920.0,1752.0,314.0,358.0,87.7,107.0,147.0,72.8,15.0,29.0,51.7,1,3.6,2.7,-2.6,29.0,26.0,29.0,9.0,61.0,Partidos
483,Vicente Guaita,es ESP,PO,37-064,18.7,350.0,547.0,64.0,11406.0,8616.0,34.0,35.0,97.1,164.0,167.0,98.2,152.0,343.0,44.3,0,0.0,0.0,0.0,0.0,7.0,0.0,0.0,0.0,Partidos
484,Manu Sánchez,es ESP,DF,23-203,17.6,587.0,782.0,75.1,9101.0,3913.0,326.0,377.0,86.5,213.0,271.0,78.6,34.0,77.0,44.2,5,2.6,2.8,2.4,19.0,49.0,23.0,12.0,71.0,Partidos
485,Renato Tapia,pe PER,"CC,DF",28-230,13.6,471.0,629.0,74.9,8518.0,3275.0,219.0,250.0,87.6,176.0,217.0,81.1,64.0,121.0,52.9,0,0.6,0.6,-0.6,5.0,56.0,6.0,1.0,53.0,Partidos
486,Carlos Dominguez,es ESP,DF,23-032,11.2,346.0,457.0,75.7,6285.0,2677.0,145.0,171.0,84.8,164.0,194.0,84.5,30.0,70.0,42.9,0,0.1,0.2,-0.1,3.0,41.0,2.0,0.0,32.0,Partidos
487,Iván Villar,es ESP,PO,26-249,9.3,160.0,264.0,60.6,4795.0,3659.0,23.0,23.0,100.0,82.0,82.0,100.0,55.0,157.0,35.0,0,0.1,0.0,-0.1,1.0,4.0,0.0,0.0,0.0,Partidos
488,Mihailo Ristić,rs SRB,"DF,CC",28-135,8.5,335.0,471.0,71.1,5203.0,2216.0,182.0,209.0,87.1,126.0,159.0,79.2,19.0,66.0,28.8,0,0.1,0.5,-0.1,6.0,28.0,3.0,3.0,28.0,Partidos
489,Kevin Vázquez,es ESP,DF,30-357,7.0,234.0,315.0,74.3,3648.0,1529.0,125.0,146.0,85.6,95.0,118.0,80.5,12.0,28.0,42.9,0,0.2,0.4,-0.2,3.0,17.0,6.0,3.0,24.0,Partidos
490,Carlos Dotor,es ESP,CC,22-365,7.7,277.0,338.0,82.0,4058.0,959.0,163.0,181.0,90.1,87.0,108.0,80.6,14.0,23.0,60.9,0,0.1,0.3,-0.1,1.0,26.0,3.0,1.0,29.0,Partidos
491,Anastasios Douvikas,gr GRE,DL,24-225,7.5,79.0,127.0,62.2,957.0,148.0,50.0,72.0,69.4,18.0,31.0,58.1,3.0,5.0,60.0,0,0.2,0.2,-0.2,3.0,7.0,2.0,0.0,9.0,Partidos
492,Franco Cervi,ar ARG,"CC,DF",29-293,5.3,177.0,230.0,77.0,2730.0,1149.0,103.0,115.0,89.6,61.0,75.0,81.3,9.0,17.0,52.9,0,0.7,1.1,-0.7,7.0,16.0,4.0,0.0,22.0,Partidos
493,Javier Manquillo,es ESP,"DF,CC",29-314,4.6,144.0,194.0,74.2,2035.0,881.0,79.0,92.0,85.9,59.0,79.0,74.7,1.0,11.0,9.1,1,0.2,0.4,0.8,1.0,11.0,2.0,0.0,13.0,Partidos
494,Carles Pérez,es ESP,"CC,DL",26-027,4.9,94.0,128.0,73.4,1293.0,224.0,55.0,66.0,83.3,29.0,35.0,82.9,5.0,14.0,35.7,0,0.7,0.6,-0.7,8.0,5.0,5.0,1.0,8.0,Partidos
495,Joseph Aidoo,gh GHA,DF,28-167,4.5,145.0,185.0,78.4,2918.0,1187.0,41.0,46.0,89.1,84.0,102.0,82.4,19.0,35.0,54.3,0,0.1,0.0,-0.1,1.0,8.0,1.0,0.0,12.0,Partidos
496,Hugo Sotelo,es ESP,CC,20-086,3.7,239.0,279.0,85.7,3721.0,1005.0,143.0,149.0,96.0,79.0,91.0,86.8,16.0,30.0,53.3,0,0.4,0.3,-0.4,6.0,25.0,4.0,1.0,26.0,Partidos
497,Jailson Siqueira,br BRA,"CC,DF",28-189,3.4,66.0,96.0,68.8,992.0,408.0,32.0,41.0,78.0,25.0,33.0,75.8,4.0,12.0,33.3,1,0.4,0.1,0.6,1.0,7.0,1.0,1.0,11.0,Partidos
498,Tadeo Allende,ar ARG,"CC,DL",25-023,2.8,43.0,72.0,59.7,668.0,253.0,26.0,34.0,76.5,10.0,19.0,52.6,4.0,6.0,66.7,0,0.2,0.1,-0.2,1.0,4.0,2.0,1.0,7.0,Partidos
499,Miguel Rodríguez,es ESP,CC,20-320,2.1,50.0,73.0,68.5,597.0,169.0,34.0,40.0,85.0,8.0,18.0,44.4,1.0,5.0,20.0,0,0.2,0.1,-0.2,2.0,3.0,3.0,0.0,6.0,Partidos
500,Williot Swedberg,se SWE,"CC,DL",20-042,1.5,24.0,34.0,70.6,349.0,98.0,11.0,16.0,68.8,9.0,11.0,81.8,1.0,1.0,100.0,0,0.0,0.0,0.0,0.0,0.0,0.0,0.0,1.0,Partidos
501,Hugo Álvarez,es ESP,CC,20-256,0.4,33.0,38.0,86.8,465.0,129.0,20.0,21.0,95.2,12.0,14.0,85.7,1.0,2.0,50.0,0,0.1,0.1,-0.1,1.0,3.0,2.0,1.0,3.0,Partidos
502,Gabriel Veiga,es ESP,DL,21-292,0.2,3.0,5.0,60.0,16.0,8.0,2.0,3.0,66.7,0.0,0.0,,0.0,1.0,0.0,0,0.0,0.0,0.0,0.0,0.0,0.0,0.0,0.0,Partidos
503,Total del equipo,,,27.5,28.0,9123.0,12116.0,75.3,156624.0,64507.0,4407.0,5106.0,86.3,3569.0,4343.0,82.2,870.0,1861.0,46.7,21,24.4,26.3,-3.4,260.0,746.0,191.0,52.0,916.0,
504,Total del oponente,,,27.8,28.0,12750.0,15826.0,80.6,223260.0,76683.0,5863.0,6557.0,89.4,5346.0,6212.0,86.1,1221.0,2253.0,54.2,25,27.1,28.9,-2.1,266.0,971.0,218.0,75.0,1172.0,
505,Rubén Alcaraz,es ESP,CC,32-318,24.8,839.0,1061.0,79.1,16118.0,4612.0,363.0,399.0,91.0,324.0,371.0,87.3,125.0,226.0,55.3,0,0.7,0.9,-0.7,15.0,102.0,9.0,1.0,102.0,Partidos
506,Jeremías Ledesma,ar ARG,PO,31-030,24.9,517.0,897.0,57.6,20159.0,17630.0,57.0,58.0,98.3,179.0,180.0,99.4,281.0,653.0,43.0,0,0.1,0.1,-0.1,1.0,41.0,0.0,0.0,0.0,Partidos
507,Isaac Carcelen,es ESP,DF,30-326,23.3,679.0,930.0,73.0,11529.0,4345.0,326.0,374.0,87.2,280.0,364.0,76.9,55.0,138.0,39.9,0,0.8,0.9,-0.8,13.0,48.0,14.0,7.0,66.0,Partidos
508,Chris Ramos,es ESP,"DL,CC",27-056,22.0,215.0,380.0,56.6,2732.0,519.0,137.0,212.0,64.6,56.0,104.0,53.8,6.0,13.0,46.2,1,1.5,1.1,-0.5,10.0,11.0,5.0,1.0,23.0,Partidos
509,Fali,es ESP,DF,30-215,21.6,536.0,727.0,73.7,11842.0,4567.0,140.0,159.0,88.1,298.0,345.0,86.4,91.0,202.0,45.0,0,0.1,0.1,-0.1,4.0,43.0,3.0,1.0,54.0,Partidos
510,Javi Hernández,es ESP,DF,25-317,19.5,572.0,819.0,69.8,10093.0,4934.0,268.0,318.0,84.3,229.0,296.0,77.4,62.0,163.0,38.0,2,1.2,1.9,0.8,21.0,52.0,14.0,11.0,60.0,Partidos
511,Iván Alejo,es ESP,CC,29-033,17.4,213.0,420.0,50.7,3777.0,1550.0,99.0,140.0,70.7,61.0,130.0,46.9,37.0,92.0,40.2,2,1.1,2.5,0.9,12.0,16.0,22.0,20.0,27.0,Partidos
512,Roberto Navarro,es ESP,CC,21-337,12.2,252.0,381.0,66.1,3608.0,1239.0,155.0,180.0,86.1,63.0,105.0,60.0,19.0,57.0,33.3,1,1.5,1.4,-0.5,23.0,20.0,14.0,9.0,35.0,Partidos
513,Roger Martí,es ESP,DL,33-071,11.6,149.0,238.0,62.6,1966.0,396.0,95.0,129.0,73.6,42.0,65.0,64.6,5.0,16.0,31.3,2,2.2,1.2,-0.2,10.0,6.0,2.0,0.0,9.0,Partidos
514,Gonzalo Escalante,ar ARG,CC,30-353,13.7,360.0,488.0,73.8,6135.0,1646.0,167.0,203.0,82.3,142.0,183.0,77.6,36.0,67.0,53.7,2,1.4,1.1,0.6,8.0,42.0,6.0,0.0,45.0,Partidos
515,Víctor Chust,es ESP,DF,24-009,12.0,492.0,610.0,80.7,10267.0,4346.0,158.0,176.0,89.8,248.0,273.0,90.8,81.0,143.0,56.6,1,0.2,0.2,0.8,3.0,35.0,2.0,0.0,43.0,Partidos
516,Lucas,br BRA,DF,22-356,13.9,451.0,621.0,72.6,7428.0,3019.0,233.0,264.0,88.3,168.0,229.0,73.4,39.0,95.0,41.1,0,0.9,1.3,-0.9,15.0,28.0,15.0,10.0,38.0,Partidos
517,Rubén Sobrino,es ESP,"CC,DL",31-287,12.3,266.0,371.0,71.7,3538.0,942.0,180.0,209.0,86.1,62.0,93.0,66.7,14.0,23.0,60.9,1,1.8,1.4,-0.8,12.0,24.0,6.0,2.0,28.0,Partidos
518,Maxi Gómez,uy URU,DL,27-213,10.6,103.0,203.0,50.7,1354.0,260.0,60.0,99.0,60.6,27.0,51.0,52.9,5.0,17.0,29.4,0,0.5,0.4,-0.5,8.0,14.0,4.0,2.0,11.0,Partidos
519,Darwin Machís,ve VEN,CC,31-036,8.3,167.0,272.0,61.4,3000.0,945.0,82.0,98.0,83.7,60.0,93.0,64.5,21.0,57.0,36.8,0,0.6,1.0,-0.6,10.0,12.0,6.0,5.0,15.0,Partidos
520,Álex Fernández,es ESP,"CC,DL",31-151,10.0,355.0,431.0,82.4,5922.0,1863.0,177.0,193.0,91.7,133.0,154.0,86.4,32.0,53.0,60.4,0,0.4,1.0,-0.4,6.0,33.0,8.0,4.0,36.0,Partidos
521,Luis Hernández,es ESP,DF,34-335,8.0,257.0,363.0,70.8,5409.0,2776.0,78.0,92.0,84.8,137.0,170.0,80.6,41.0,98.0,41.8,0,0.4,0.4,-0.4,6.0,27.0,1.0,0.0,31.0,Partidos
522,Jorge Meré,es ESP,DF,26-332,7.5,166.0,233.0,71.2,3605.0,1173.0,45.0,54.0,83.3,92.0,106.0,86.8,28.0,66.0,42.4,0,0.0,0.0,0.0,0.0,15.0,1.0,0.0,15.0,Partidos
523,Rominigue Kouamé,ml MLI,CC,27-088,7.6,286.0,329.0,86.9,5002.0,1083.0,134.0,154.0,87.0,122.0,136.0,89.7,26.0,29.0,89.7,0,0.1,0.2,-0.1,2.0,31.0,4.0,1.0,26.0,Partidos
524,Juanmi,es ESP,DL,30-299,4.2,87.0,105.0,82.9,1090.0,101.0,57.0,65.0,87.7,24.0,28.0,85.7,1.0,2.0,50.0,0,0.3,0.3,-0.3,4.0,2.0,2.0,1.0,2.0,Partidos
525,Joseba Zaldúa,es ESP,"DF,CC",31-264,3.6,64.0,99.0,64.6,1082.0,468.0,29.0,33.0,87.9,28.0,42.0,66.7,5.0,17.0,29.4,0,0.0,0.1,0.0,0.0,3.0,1.0,1.0,5.0,Partidos
526,David Gil,es ESP,PO,30-063,3.1,54.0,112.0,48.2,2734.0,2545.0,1.0,1.0,100.0,7.0,7.0,100.0,45.0,103.0,43.7,0,0.0,0.0,0.0,0.0,1.0,0.0,0.0,0.0,Partidos
527,Fede San Emeterio,es ESP,CC,26-364,1.7,43.0,52.0,82.7,818.0,265.0,13.0,15.0,86.7,21.0,23.0,91.3,7.0,8.0,87.5,0,0.1,0.2,-0.1,1.0,3.0,1.0,1.0,4.0,Partidos
528,Mamadou Mbaye,sn SEN,DF,25-260,3.2,47.0,84.0,56.0,996.0,518.0,15.0,21.0,71.4,20.0,29.0,69.0,10.0,28.0,35.7,0,0.0,0.0,0.0,0.0,3.0,0.0,0.0,4.0,Partidos
529,Sergi Guardiola,es ESP,"DL,CC",32-290,4.1,103.0,151.0,68.2,1538.0,374.0,59.0,73.0,80.8,35.0,48.0,72.9,6.0,14.0,42.9,1,0.7,0.5,0.3,3.0,5.0,1.0,1.0,11.0,Partidos
530,Aiham Ousou,sy SYR,DF,24-065,1.0,32.0,38.0,84.2,610.0,239.0,14.0,16.0,87.5,14.0,16.0,87.5,4.0,4.0,100.0,0,0.0,0.0,0.0,0.0,4.0,0.0,0.0,2.0,Partidos
531,Brian Ocampo,uy URU,CC,24-263,1.5,48.0,72.0,66.7,827.0,192.0,27.0,35.0,77.1,8.0,10.0,80.0,10.0,15.0,66.7,0,0.0,0.1,0.0,1.0,3.0,4.0,2.0,3.0,Partidos
532,Álvaro Negredo,es ESP,"DL,CC",38-207,0.6,10.0,22.0,45.5,165.0,9.0,5.0,10.0,50.0,3.0,3.0,100.0,1.0,4.0,25.0,0,0.1,0.1,-0.1,1.0,0.0,1.0,1.0,0.0,Partidos
533,Diadie Samassékou,ml MLI,CC,28-063,0.6,24.0,25.0,96.0,397.0,85.0,16.0,16.0,100.0,4.0,4.0,100.0,4.0,4.0,100.0,0,0.0,0.0,0.0,1.0,3.0,0.0,0.0,3.0,Partidos
534,Karl Etta,cm CMR,DL,20-073,0.2,2.0,2.0,100.0,15.0,1.0,1.0,1.0,100.0,0.0,0.0,,0.0,0.0,,0,0.0,0.0,0.0,0.0,0.0,0.0,0.0,0.0,Partidos
535,José Mari,es ESP,"CC,DL",36-099,0.2,16.0,21.0,76.2,322.0,49.0,5.0,5.0,100.0,8.0,9.0,88.9,2.0,4.0,50.0,0,0.0,0.0,0.0,2.0,4.0,0.0,0.0,1.0,Partidos
536,Milutin Osmajić,me MNE,CC,24-233,0.1,2.0,3.0,66.7,32.0,0.0,1.0,1.0,100.0,1.0,1.0,100.0,0.0,0.0,,0,0.0,0.0,0.0,1.0,0.0,0.0,0.0,0.0,Partidos
537,Moussa Diakité,ml MLI,CC,20-131,0.0,0.0,0.0,,0.0,0.0,0.0,0.0,,0.0,0.0,,0.0,0.0,,0,0.0,0.0,0.0,0.0,0.0,0.0,0.0,0.0,Partidos
538,Total del equipo,,,29.2,28.0,7407.0,10560.0,70.1,144110.0,62691.0,3197.0,3803.0,84.1,2896.0,3668.0,79.0,1099.0,2411.0,45.6,13,16.4,18.4,-3.4,193.0,631.0,146.0,81.0,699.0,
539,Total del oponente,,,28.1,28.0,11388.0,14486.0,78.6,194388.0,74635.0,5619.0,6398.0,87.8,4397.0,5285.0,83.2,1072.0,2026.0,52.9,26,29.3,28.8,-3.3,270.0,1025.0,236.0,65.0,1274.0,
540,Carlos Neva,es ESP,DF,27-276,25.0,936.0,1212.0,77.2,15273.0,5951.0,512.0,560.0,91.4,350.0,435.0,80.5,67.0,148.0,45.3,2,2.5,0.9,-0.5,16.0,43.0,20.0,13.0,72.0,Partidos
541,Ignasi Miquel,es ESP,DF,31-168,25.2,1022.0,1227.0,83.3,20098.0,7316.0,322.0,363.0,88.7,582.0,637.0,91.4,112.0,209.0,53.6,1,1.0,0.5,0.0,8.0,56.0,4.0,0.0,64.0,Partidos
542,Myrto Uzuni,al ALB,"DL,CC",28-288,22.4,196.0,255.0,76.9,2921.0,416.0,116.0,136.0,85.3,64.0,80.0,80.0,12.0,20.0,60.0,1,2.5,2.5,-1.5,17.0,7.0,7.0,2.0,14.0,Partidos
543,Ricard Sánchez,es ESP,DF,24-021,21.9,723.0,961.0,75.2,11960.0,4706.0,396.0,455.0,87.0,244.0,317.0,77.0,64.0,123.0,52.0,0,1.8,2.6,-1.8,19.0,51.0,24.0,15.0,68.0,Partidos
544,Gerard Gumbau,es ESP,CC,29-087,19.9,746.0,1021.0,73.1,14941.0,5131.0,313.0,361.0,86.7,288.0,346.0,83.2,133.0,256.0,52.0,3,3.0,2.9,0.0,30.0,92.0,14.0,3.0,100.0,Partidos
545,Sergio Ruiz,es ESP,CC,29-089,19.2,802.0,940.0,85.3,13331.0,3884.0,379.0,414.0,91.5,345.0,383.0,90.1,60.0,95.0,63.2,2,0.8,0.9,1.2,7.0,46.0,14.0,2.0,80.0,Partidos
546,Lucas Boyé,ar ARG,DL,28-015,17.6,268.0,365.0,73.4,3830.0,912.0,164.0,202.0,81.2,71.0,97.0,73.2,18.0,24.0,75.0,3,2.2,1.2,0.8,21.0,30.0,6.0,2.0,41.0,Partidos
547,Bryan Zaragoza,es ESP,"CC,DL",22-324,18.2,248.0,444.0,55.9,3909.0,1446.0,138.0,176.0,78.4,75.0,142.0,52.8,22.0,73.0,30.1,2,3.3,4.2,-1.3,22.0,12.0,29.0,16.0,36.0,Partidos
548,Gonzalo Villar,es ESP,CC,25-357,15.8,624.0,762.0,81.9,10019.0,2635.0,344.0,379.0,90.8,209.0,253.0,82.6,53.0,85.0,62.4,3,1.3,1.4,1.7,9.0,55.0,7.0,1.0,55.0,Partidos
549,André Ferreira,pt POR,PO,27-290,14.9,359.0,498.0,72.1,10011.0,7247.0,72.0,74.0,97.3,172.0,176.0,97.7,112.0,243.0,46.1,0,0.0,0.0,0.0,0.0,7.0,0.0,0.0,0.0,Partidos
550,Óscar Melendo,es ESP,"CC,DL",26-204,10.8,297.0,369.0,80.5,4874.0,1181.0,145.0,162.0,89.5,117.0,142.0,82.4,26.0,39.0,66.7,0,0.4,1.0,-0.4,9.0,31.0,10.0,0.0,37.0,Partidos
551,Raúl Torrente,es ESP,DF,22-185,11.5,509.0,641.0,79.4,10391.0,4083.0,169.0,183.0,92.3,275.0,308.0,89.3,63.0,145.0,43.4,0,0.4,0.2,-0.4,3.0,32.0,0.0,0.0,26.0,Partidos
552,Augusto Batalla,ar ARG,PO,27-319,9.0,249.0,382.0,65.2,6963.0,5043.0,54.0,54.0,100.0,116.0,117.0,99.1,79.0,209.0,37.8,0,0.0,0.0,0.0,1.0,9.0,0.0,0.0,1.0,Partidos
553,Miguel Ángel Rubio,es ESP,DF,26-003,8.3,330.0,414.0,79.7,6392.0,2374.0,116.0,125.0,92.8,184.0,209.0,88.0,29.0,70.0,41.4,0,0.1,0.1,-0.1,1.0,9.0,2.0,0.0,12.0,Partidos
554,José Callejón,es ESP,"CC,DL",37-032,7.1,212.0,276.0,76.8,3737.0,1075.0,106.0,115.0,92.2,71.0,96.0,74.0,27.0,53.0,50.9,1,0.8,0.9,0.2,10.0,16.0,11.0,2.0,24.0,Partidos
555,Bruno Méndez,uy URU,DF,24-186,6.2,215.0,285.0,75.4,4033.0,1385.0,71.0,87.0,81.6,113.0,134.0,84.3,23.0,45.0,51.1,0,0.1,0.0,-0.1,1.0,10.0,0.0,0.0,12.0,Partidos
556,Antonio Puertas,es ESP,"CC,DL",32-022,7.0,139.0,193.0,72.0,2088.0,508.0,72.0,93.0,77.4,43.0,61.0,70.5,11.0,19.0,57.9,2,0.6,0.6,1.4,10.0,12.0,8.0,3.0,19.0,Partidos
557,Álvaro Carreras,es ESP,"CC,DL",20-357,5.3,169.0,222.0,76.1,2599.0,843.0,100.0,120.0,83.3,50.0,64.0,78.1,14.0,23.0,60.9,0,0.4,0.4,-0.4,7.0,10.0,8.0,3.0,14.0,Partidos
558,Facundo Pellistri,uy URU,"CC,DL",22-085,4.7,71.0,104.0,68.3,921.0,280.0,46.0,55.0,83.6,22.0,29.0,75.9,1.0,5.0,20.0,1,0.2,0.4,0.8,4.0,0.0,8.0,2.0,13.0,Partidos
559,Martin Hongla,cm CMR,"CC,DF",25-364,3.7,147.0,174.0,84.5,2940.0,708.0,52.0,56.0,92.9,70.0,80.0,87.5,24.0,34.0,70.6,0,0.0,0.1,0.0,0.0,11.0,1.0,0.0,6.0,Partidos
560,Raúl Fernández,es ESP,PO,36-001,3.1,69.0,107.0,64.5,2057.0,1530.0,9.0,9.0,100.0,38.0,40.0,95.0,22.0,56.0,39.3,0,0.0,0.0,0.0,0.0,1.0,0.0,0.0,0.0,Partidos
561,Kamil Piątkowski,pl POL,DF,23-267,2.9,115.0,133.0,86.5,2101.0,645.0,45.0,46.0,97.8,62.0,65.0,95.4,7.0,17.0,41.2,0,0.0,0.0,0.0,1.0,5.0,0.0,0.0,6.0,Partidos
562,Wilson Manafá,pt POR,"DF,CC",29-235,2.7,104.0,135.0,77.0,1756.0,547.0,52.0,57.0,91.2,41.0,52.0,78.8,9.0,18.0,50.0,0,0.3,0.2,-0.3,1.0,2.0,3.0,1.0,4.0,Partidos
563,Matias Arezo,uy URU,DL,21-114,2.3,23.0,36.0,63.9,345.0,100.0,13.0,19.0,68.4,7.0,11.0,63.6,2.0,3.0,66.7,0,0.1,0.1,-0.1,2.0,2.0,2.0,1.0,2.0,Partidos
564,Víctor Díaz,es ESP,"DF,CC",35-276,1.8,47.0,74.0,63.5,1009.0,359.0,12.0,15.0,80.0,28.0,32.0,87.5,7.0,20.0,35.0,0,0.0,0.0,0.0,0.0,2.0,0.0,0.0,2.0,Partidos
565,Faitout Maouassa,fr FRA,"DF,CC",25-252,1.8,40.0,73.0,54.8,611.0,288.0,21.0,32.0,65.6,15.0,19.0,78.9,3.0,17.0,17.6,1,0.4,0.4,0.6,3.0,1.0,1.0,1.0,5.0,Partidos
566,Jesús Vallejo,es ESP,DF,27-069,1.2,78.0,85.0,91.8,1539.0,593.0,30.0,31.0,96.8,36.0,37.0,97.3,10.0,15.0,66.7,0,0.0,0.0,0.0,0.0,4.0,0.0,0.0,2.0,Partidos
567,Kamil Jóźwiak,pl POL,CC,25-327,1.1,17.0,28.0,60.7,213.0,50.0,11.0,15.0,73.3,4.0,8.0,50.0,1.0,2.0,50.0,0,0.0,0.1,0.0,0.0,1.0,1.0,1.0,2.0,Partidos
568,Samuel Omorodion,es ESP,DL,19-314,0.9,10.0,15.0,66.7,178.0,6.0,3.0,5.0,60.0,4.0,4.0,100.0,2.0,2.0,100.0,0,0.0,0.0,0.0,2.0,0.0,0.0,0.0,0.0,Partidos
569,Njegoš Petrović,rs SRB,"CC,DL",24-240,1.7,67.0,81.0,82.7,1037.0,304.0,36.0,41.0,87.8,26.0,29.0,89.7,4.0,8.0,50.0,0,0.1,0.1,-0.1,2.0,7.0,1.0,0.0,8.0,Partidos
570,Famara Diedhiou,sn SEN,"DL,CC",31-090,1.0,20.0,41.0,48.8,278.0,22.0,14.0,22.0,63.6,3.0,9.0,33.3,2.0,3.0,66.7,1,0.2,0.2,0.8,1.0,0.0,0.0,0.0,0.0,Partidos
571,Shon Weissman,il ISR,DL,28-029,0.9,10.0,13.0,76.9,161.0,38.0,3.0,4.0,75.0,4.0,5.0,80.0,1.0,1.0,100.0,0,0.0,0.0,0.0,0.0,0.0,1.0,1.0,1.0,Partidos
572,Theo Corbeanu,ca CAN,CC,21-302,0.5,14.0,21.0,66.7,355.0,86.0,2.0,2.0,100.0,6.0,10.0,60.0,5.0,7.0,71.4,0,0.0,0.1,0.0,0.0,2.0,1.0,1.0,3.0,Partidos
573,Adri Bosch,es ESP,DF,22-279,0.3,11.0,14.0,78.6,211.0,61.0,6.0,7.0,85.7,2.0,2.0,100.0,3.0,5.0,60.0,0,0.0,0.0,0.0,0.0,2.0,0.0,0.0,1.0,Partidos
574,Alberto Soro,es ESP,CC,25-005,0.1,3.0,3.0,100.0,21.0,9.0,3.0,3.0,100.0,0.0,0.0,,0.0,0.0,,0,0.0,0.0,0.0,1.0,0.0,0.0,0.0,0.0,Partidos
575,Alberto Perea,es ESP,"CC,DL",33-086,0.0,6.0,7.0,85.7,77.0,29.0,5.0,5.0,100.0,1.0,2.0,50.0,0.0,0.0,,0,0.1,0.0,-0.1,1.0,0.0,1.0,0.0,2.0,Partidos
576,Total del equipo,,,27.4,27.0,8896.0,11611.0,76.6,163180.0,61791.0,3952.0,4483.0,88.2,3738.0,4431.0,84.4,1028.0,2092.0,49.1,23,22.7,22.1,0.3,209.0,568.0,184.0,70.0,732.0,
577,Total del oponente,,,27.8,27.0,11000.0,13739.0,80.1,193637.0,70735.0,5143.0,5716.0,90.0,4496.0,5213.0,86.2,1096.0,2073.0,52.9,40,30.9,27.5,9.1,264.0,932.0,221.0,54.0,1036.0,
578,Luís Maximiano,pt POR,PO,25-069,25.0,605.0,941.0,64.3,16856.0,12528.0,99.0,99.0,100.0,309.0,318.0,97.2,197.0,519.0,38.0,0,0.0,0.0,0.0,0.0,11.0,0.0,0.0,0.0,Partidos
579,Édgar González,es ESP,"DF,CC",26-348,22.1,868.0,1023.0,84.8,16213.0,6372.0,306.0,339.0,90.3,469.0,519.0,90.4,79.0,137.0,57.7,0,0.2,0.2,-0.2,5.0,40.0,2.0,0.0,62.0,Partidos
580,Adri Embarba,es ESP,"DL,CC",31-312,19.1,430.0,675.0,63.7,6954.0,1934.0,229.0,272.0,84.2,134.0,200.0,67.0,45.0,124.0,36.3,0,3.0,2.5,-3.0,33.0,22.0,17.0,11.0,38.0,Partidos
581,Lucas Robertone,ar ARG,CC,26-362,18.6,756.0,970.0,77.9,13564.0,4151.0,352.0,399.0,88.2,287.0,347.0,82.7,98.0,174.0,56.3,5,2.3,1.8,2.7,29.0,85.0,15.0,7.0,98.0,Partidos
582,Dion Lopy,sn SEN,CC,22-041,19.1,657.0,786.0,83.6,12861.0,3085.0,234.0,274.0,85.4,311.0,352.0,88.4,95.0,120.0,79.2,0,1.1,0.7,-1.1,11.0,69.0,7.0,1.0,84.0,Partidos
583,Sergio Arribas,es ESP,"CC,DL",22-166,19.5,454.0,588.0,77.2,6368.0,1790.0,276.0,319.0,86.5,127.0,151.0,84.1,24.0,62.0,38.7,3,3.0,2.5,0.0,35.0,41.0,21.0,2.0,66.0,Partidos
584,Sergio Akieme,es ESP,DF,26-089,18.6,620.0,801.0,77.4,10224.0,3150.0,314.0,346.0,90.8,247.0,298.0,82.9,48.0,111.0,43.2,0,2.2,2.1,-2.2,17.0,30.0,14.0,12.0,28.0,Partidos
585,Juan Brandáriz,es ESP,DF,25-012,18.5,719.0,832.0,86.4,12836.0,4473.0,279.0,307.0,90.9,376.0,396.0,94.9,54.0,102.0,52.9,1,1.4,0.6,-0.4,4.0,36.0,3.0,1.0,50.0,Partidos
586,Iddrisu Baba,gh GHA,CC,28-052,15.3,530.0,639.0,82.9,9812.0,2650.0,201.0,239.0,84.1,265.0,300.0,88.3,52.0,67.0,77.6,0,0.6,0.4,-0.6,6.0,51.0,3.0,2.0,60.0,Partidos
587,Largie Ramazani,be BEL,"DL,CC",23-016,14.7,166.0,281.0,59.1,2681.0,1053.0,88.0,124.0,71.0,52.0,84.0,61.9,16.0,36.0,44.4,4,4.8,2.0,-0.8,20.0,22.0,13.0,1.0,32.0,Partidos
588,Léo Baptistão,br BRA,DL,31-201,13.6,205.0,346.0,59.2,2877.0,857.0,120.0,181.0,66.3,62.0,97.0,63.9,12.0,26.0,46.2,0,1.6,0.7,-1.6,12.0,13.0,6.0,1.0,33.0,Partidos
589,César Montes,mx MEX,DF,27-019,13.0,504.0,654.0,77.1,10607.0,3819.0,139.0,166.0,83.7,298.0,339.0,87.9,59.0,131.0,45.0,0,0.0,0.2,0.0,2.0,38.0,6.0,1.0,35.0,Partidos
590,Pubill,es ESP,DF,20-268,12.2,404.0,570.0,70.9,6375.0,2656.0,204.0,238.0,85.7,163.0,227.0,71.8,23.0,69.0,33.3,1,0.7,0.7,0.3,11.0,24.0,7.0,7.0,22.0,Partidos
591,Gonzalo Melero,es ESP,"CC,DL",30-072,10.3,310.0,378.0,82.0,4636.0,1273.0,171.0,199.0,85.9,115.0,130.0,88.5,14.0,22.0,63.6,1,1.2,0.9,-0.2,9.0,36.0,7.0,0.0,41.0,Partidos
592,Alejandro Pozo Pozo,es ESP,"DF,CC",25-021,9.4,383.0,520.0,73.7,6385.0,2570.0,204.0,234.0,87.2,134.0,182.0,73.6,35.0,70.0,50.0,0,0.6,0.8,-0.6,13.0,31.0,15.0,8.0,42.0,Partidos
593,Luis Javier Suárez,co COL,"DL,CC",26-103,8.0,114.0,149.0,76.5,2020.0,343.0,50.0,63.0,79.4,50.0,58.0,86.2,11.0,14.0,78.6,0,0.4,0.5,-0.4,5.0,10.0,2.0,1.0,14.0,Partidos
594,Álex Centelles,es ESP,DF,26-127,5.9,246.0,345.0,71.3,4344.0,1779.0,121.0,137.0,88.3,96.0,121.0,79.3,27.0,68.0,39.7,1,1.3,0.8,-0.3,8.0,18.0,8.0,7.0,13.0,Partidos
595,Kaiky,br BRA,DF,20-062,5.8,217.0,263.0,82.5,4550.0,1819.0,58.0,67.0,86.6,122.0,133.0,91.7,30.0,52.0,57.7,0,0.0,0.0,0.0,1.0,18.0,1.0,0.0,24.0,Partidos
596,Aleksandar Radovanović,rs SRB,DF,30-124,4.8,122.0,131.0,93.1,2513.0,641.0,25.0,27.0,92.6,77.0,80.0,96.3,16.0,18.0,88.9,0,0.0,0.0,0.0,1.0,1.0,0.0,0.0,4.0,Partidos
597,Anthony Lozano,hn HON,DL,30-324,4.1,49.0,72.0,68.1,645.0,208.0,27.0,35.0,77.1,15.0,17.0,88.2,1.0,3.0,33.3,0,0.0,0.0,0.0,1.0,6.0,0.0,0.0,6.0,Partidos
598,Houboulang Mendes,gw GNB,DF,25-315,4.4,129.0,177.0,72.9,2191.0,1089.0,62.0,69.0,89.9,54.0,75.0,72.0,10.0,22.0,45.5,0,0.0,0.0,0.0,1.0,12.0,1.0,1.0,9.0,Partidos
599,Jonathan Viera,es ESP,CC,34-145,3.2,128.0,158.0,81.0,1644.0,380.0,81.0,91.0,89.0,29.0,41.0,70.7,6.0,10.0,60.0,2,0.9,0.3,1.1,6.0,9.0,4.0,1.0,11.0,Partidos
600,Bruno Langa,mz MOZ,DF,26-135,3.0,101.0,140.0,72.1,1669.0,1023.0,44.0,53.0,83.0,49.0,64.0,76.6,6.0,15.0,40.0,0,0.0,0.0,0.0,1.0,5.0,1.0,1.0,9.0,Partidos
601,Arnau Puigmal,es ESP,"DL,DF",23-064,2.8,65.0,93.0,69.9,976.0,349.0,42.0,46.0,91.3,16.0,22.0,72.7,5.0,17.0,29.4,0,0.3,0.2,-0.3,3.0,6.0,4.0,1.0,8.0,Partidos
602,Luka Romero,ar ARG,DL,19-117,2.4,64.0,69.0,92.8,885.0,190.0,41.0,44.0,93.2,20.0,21.0,95.2,1.0,1.0,100.0,0,0.1,0.1,-0.1,2.0,1.0,1.0,1.0,7.0,Partidos
603,Lázaro,br BRA,"DL,CC",22-002,3.2,69.0,100.0,69.0,1137.0,308.0,35.0,47.0,74.5,24.0,29.0,82.8,6.0,13.0,46.2,0,0.5,0.3,-0.5,6.0,4.0,1.0,0.0,6.0,Partidos
604,Ibrahima Koné,ml MLI,DL,24-272,2.9,35.0,53.0,66.0,509.0,141.0,19.0,27.0,70.4,13.0,18.0,72.2,2.0,3.0,66.7,0,0.1,0.4,-0.1,2.0,0.0,0.0,0.0,3.0,Partidos
605,Fernando,es ESP,PO,33-278,2.0,54.0,84.0,64.3,1630.0,1246.0,6.0,6.0,100.0,27.0,27.0,100.0,21.0,50.0,42.0,0,0.0,0.0,0.0,0.0,0.0,0.0,0.0,0.0,Partidos
606,Marko Milovanović,rs SRB,"DL,CC",20-223,2.6,34.0,51.0,66.7,346.0,57.0,22.0,31.0,71.0,8.0,13.0,61.5,0.0,1.0,0.0,0,0.1,0.1,-0.1,2.0,2.0,1.0,0.0,3.0,Partidos
607,Srđan Babić,rs SRB,DF,27-327,1.0,58.0,62.0,93.5,1267.0,388.0,13.0,13.0,100.0,37.0,41.0,90.2,8.0,8.0,100.0,0,0.0,0.0,0.0,0.0,2.0,0.0,0.0,6.0,Partidos
608,Diego Mariño,es ESP,PO,33-310,1.0,23.0,27.0,85.2,429.0,237.0,11.0,11.0,100.0,10.0,10.0,100.0,2.0,6.0,33.3,0,0.0,0.0,0.0,0.0,1.0,0.0,0.0,0.0,Partidos
609,Marciano Sanca,gw GNB,"DL,CC",20-011,0.5,14.0,24.0,58.3,162.0,52.0,12.0,16.0,75.0,2.0,4.0,50.0,0.0,2.0,0.0,0,0.0,0.0,0.0,1.0,0.0,0.0,0.0,1.0,Partidos
610,Rachad Fettal,ma MAR,DL,19-058,0.2,,,,,,,,,,,,,,,0,,,,,,,,,Partidos
611,Total del equipo,,,26.1,28.0,9133.0,12002.0,76.1,166166.0,62611.0,3885.0,4519.0,86.0,3998.0,4714.0,84.8,1003.0,2073.0,48.4,18,26.4,19.1,-8.4,247.0,644.0,160.0,67.0,815.0,
612,Total del oponente,,,27.7,28.0,11094.0,13994.0,79.3,195151.0,73526.0,5207.0,5864.0,88.8,4482.0,5256.0,85.3,1106.0,2107.0,52.5,40,33.5,35.3,6.5,334.0,927.0,256.0,79.0,1183.0,
