,Jugador,País,Posc,Edad,90 s,Toques,Def. pen.,3.º def.,3.º cent.,3.º ataq.,Ataq. pen.,Balón vivo,Att,Succ,Exitosa%,Tkld,Tkld%,Transportes,Dist. tot.,Dist. prg.,PrgC,1/3,TAP,Errores de control,Des,Rec,PrgR,Partidos
0,Federico Valverde,uy URU,CC,25-236,25.4,1971.0,54.0,292.0,1128.0,574.0,56.0,1971.0,36.0,19.0,52.8,16.0,44.4,1339.0,7818.0,4345.0,94.0,85.0,13.0,21.0,10.0,1560.0,78.0,Partidos
1,Antonio Rüdiger,de GER,DF,31-011,23.0,1540.0,202.0,723.0,763.0,60.0,21.0,1540.0,2.0,1.0,50.0,1.0,50.0,1035.0,5294.0,3336.0,15.0,8.0,0.0,2.0,2.0,1163.0,1.0,Partidos
2,Rodrygo,br BRA,DL,23-065,21.5,1119.0,3.0,38.0,342.0,753.0,175.0,1118.0,131.0,51.0,38.9,61.0,46.6,831.0,6157.0,3580.0,132.0,87.0,68.0,59.0,23.0,939.0,251.0,Partidos
3,Jude Bellingham,eng ENG,"CC,DL",20-259,20.7,1480.0,17.0,152.0,757.0,595.0,112.0,1479.0,79.0,39.0,49.4,29.0,36.7,981.0,5376.0,2633.0,69.0,63.0,25.0,46.0,33.0,1211.0,142.0,Partidos
4,Toni Kroos,de GER,CC,34-070,19.1,2174.0,46.0,438.0,1346.0,412.0,12.0,2174.0,5.0,3.0,60.0,2.0,40.0,1441.0,6675.0,3533.0,28.0,40.0,1.0,8.0,5.0,1722.0,25.0,Partidos
5,Dani Carvajal,es ESP,DF,32-063,18.3,1283.0,74.0,334.0,559.0,406.0,46.0,1283.0,16.0,7.0,43.8,7.0,43.8,727.0,3041.0,1499.0,26.0,29.0,8.0,16.0,16.0,841.0,133.0,Partidos
6,Vinicius Júnior,br BRA,DL,23-246,16.1,809.0,2.0,42.0,220.0,559.0,135.0,809.0,143.0,55.0,38.5,76.0,53.1,609.0,4832.0,2545.0,98.0,56.0,59.0,61.0,28.0,678.0,216.0,Partidos
7,Aurélien Tchouaméni,fr FRA,"CC,DF",24-047,17.1,1354.0,98.0,407.0,786.0,171.0,15.0,1354.0,12.0,5.0,41.7,3.0,25.0,931.0,5154.0,3018.0,22.0,36.0,1.0,13.0,7.0,1027.0,13.0,Partidos
8,Andriy Lunin,ua UKR,PO,25-032,16.0,514.0,443.0,512.0,2.0,0.0,0.0,514.0,0.0,0.0,,0.0,,293.0,1271.0,846.0,0.0,0.0,0.0,0.0,0.0,280.0,0.0,Partidos
9,Ferland Mendy,fr FRA,DF,28-280,14.2,1068.0,31.0,279.0,528.0,270.0,14.0,1068.0,24.0,13.0,54.2,9.0,37.5,673.0,2772.0,1260.0,17.0,19.0,3.0,16.0,10.0,779.0,80.0,Partidos
10,Eduardo Camavinga,fr FRA,"CC,DF",21-125,14.3,1138.0,35.0,282.0,631.0,243.0,15.0,1138.0,50.0,23.0,46.0,17.0,34.0,719.0,4195.0,2285.0,40.0,44.0,4.0,22.0,20.0,835.0,23.0,Partidos
11,David Alaba,at AUT,DF,31-264,12.8,1004.0,127.0,474.0,457.0,80.0,11.0,1004.0,0.0,0.0,,0.0,,699.0,3567.0,2011.0,9.0,11.0,0.0,5.0,1.0,730.0,13.0,Partidos
12,Nacho,es ESP,DF,34-056,12.9,911.0,133.0,441.0,415.0,57.0,15.0,911.0,2.0,0.0,0.0,2.0,100.0,533.0,2151.0,1329.0,9.0,8.0,0.0,5.0,0.0,653.0,7.0,Partidos
13,Luka Modrić,hr CRO,CC,38-187,12.7,1203.0,14.0,166.0,634.0,412.0,34.0,1203.0,26.0,11.0,42.3,11.0,42.3,816.0,4052.0,1893.0,36.0,37.0,10.0,8.0,14.0,946.0,65.0,Partidos
14,Kepa Arrizabalaga,es ESP,PO,29-163,12.0,416.0,360.0,413.0,3.0,0.0,0.0,416.0,0.0,0.0,,0.0,,281.0,1130.0,729.0,0.0,0.0,0.0,0.0,0.0,268.0,0.0,Partidos
15,Fran Garcia,es ESP,DF,24-213,11.4,838.0,29.0,210.0,358.0,279.0,18.0,838.0,15.0,7.0,46.7,7.0,46.7,523.0,2917.0,1582.0,41.0,20.0,4.0,22.0,4.0,553.0,97.0,Partidos
16,Brahim Díaz,es ESP,"DL,CC",24-224,11.3,638.0,5.0,31.0,242.0,375.0,66.0,638.0,61.0,32.0,52.5,25.0,41.0,461.0,3077.0,1685.0,49.0,41.0,21.0,30.0,27.0,527.0,116.0,Partidos
17,Joselu,es ESP,DL,33-353,13.4,398.0,11.0,31.0,175.0,194.0,81.0,396.0,13.0,6.0,46.2,6.0,46.2,236.0,881.0,315.0,14.0,6.0,10.0,20.0,7.0,303.0,81.0,Partidos
18,Lucas Vázquez,es ESP,DF,32-257,11.2,945.0,36.0,211.0,377.0,362.0,49.0,945.0,34.0,18.0,52.9,14.0,41.2,527.0,2273.0,1091.0,22.0,17.0,9.0,14.0,10.0,669.0,118.0,Partidos
19,Dani Ceballos,es ESP,"CC,DL",27-220,2.6,236.0,2.0,34.0,117.0,86.0,7.0,236.0,9.0,4.0,44.4,3.0,33.3,162.0,928.0,425.0,8.0,3.0,0.0,1.0,7.0,188.0,14.0,Partidos
20,Éder Militão,br BRA,DF,26-056,0.5,34.0,3.0,16.0,15.0,3.0,1.0,34.0,0.0,0.0,,0.0,,24.0,102.0,62.0,1.0,0.0,0.0,0.0,0.0,24.0,1.0,Partidos
21,Arda Güler,tr TUR,"DL,CC",19-018,0.3,31.0,0.0,3.0,18.0,10.0,3.0,31.0,2.0,1.0,50.0,1.0,50.0,16.0,123.0,92.0,4.0,3.0,2.0,2.0,0.0,24.0,6.0,Partidos
22,Nicolás Paz,ar ARG,"CC,DL",19-188,0.3,32.0,0.0,2.0,17.0,13.0,0.0,32.0,2.0,0.0,0.0,2.0,100.0,21.0,167.0,125.0,3.0,3.0,0.0,0.0,0.0,21.0,2.0,Partidos
23,Gonzalo García,es ESP,"DL,CC",19-356,0.2,11.0,0.0,2.0,4.0,5.0,1.0,11.0,1.0,0.0,0.0,1.0,100.0,8.0,56.0,20.0,1.0,1.0,1.0,0.0,0.0,7.0,3.0,Partidos
24,Álvaro Muñoz,uy URU,DL,19-244,0.0,3.0,1.0,2.0,1.0,0.0,0.0,3.0,2.0,2.0,100.0,0.0,0.0,1.0,28.0,0.0,0.0,1.0,0.0,1.0,1.0,2.0,0.0,Partidos
25,Total del equipo,,,28.0,28.0,21150.0,1726.0,5535.0,9895.0,5919.0,887.0,21146.0,665.0,297.0,44.7,293.0,44.1,13887.0,74037.0,40239.0,738.0,618.0,239.0,372.0,225.0,15950.0,1485.0,
26,Total del oponente,,,27.8,28.0,15364.0,2030.0,5493.0,6796.0,3224.0,404.0,15363.0,357.0,159.0,44.5,165.0,46.2,9489.0,49214.0,24612.0,424.0,330.0,87.0,375.0,243.0,10199.0,874.0,
27,Paulo Gazzaniga,ar ARG,PO,32-072,28.0,1100.0,929.0,1093.0,7.0,0.0,0.0,1100.0,4.0,4.0,100.0,0.0,0.0,684.0,3036.0,1836.0,0.0,0.0,0.0,2.0,1.0,602.0,0.0,Partidos
28,Aleix García,es ESP,CC,26-260,26.8,2416.0,125.0,587.0,1365.0,479.0,15.0,2416.0,18.0,11.0,61.1,4.0,22.2,1446.0,6934.0,3368.0,39.0,34.0,2.0,19.0,9.0,1766.0,34.0,Partidos
29,Miguel Gutiérrez,es ESP,"DF,CC",22-231,26.7,1770.0,95.0,517.0,770.0,500.0,42.0,1770.0,56.0,23.0,41.1,25.0,44.6,1056.0,5985.0,2687.0,65.0,58.0,12.0,43.0,24.0,1153.0,134.0,Partidos
30,Sávio,br BRA,"CC,DL",19-339,25.1,1126.0,13.0,127.0,363.0,664.0,110.0,1126.0,173.0,75.0,43.4,68.0,39.3,828.0,7353.0,3791.0,131.0,68.0,59.0,77.0,40.0,849.0,280.0,Partidos
31,Iván Martín,es ESP,"CC,DL",25-029,21.7,1338.0,40.0,241.0,732.0,378.0,41.0,1338.0,36.0,24.0,66.7,12.0,33.3,896.0,5722.0,2637.0,57.0,46.0,8.0,44.0,30.0,1070.0,72.0,Partidos
32,Daley Blind,nl NED,DF,34-005,23.0,1999.0,185.0,841.0,988.0,181.0,17.0,1999.0,17.0,11.0,64.7,6.0,35.3,1332.0,6272.0,3401.0,32.0,20.0,2.0,11.0,3.0,1507.0,15.0,Partidos
33,Artem Dovbyk,ua UKR,DL,26-267,19.3,420.0,18.0,32.0,146.0,243.0,119.0,417.0,17.0,12.0,70.6,5.0,29.4,253.0,948.0,286.0,8.0,6.0,6.0,35.0,31.0,338.0,78.0,Partidos
34,Eric García,es ESP,DF,23-065,19.6,1614.0,118.0,622.0,866.0,132.0,17.0,1614.0,4.0,3.0,75.0,0.0,0.0,1074.0,5231.0,3309.0,33.0,24.0,1.0,13.0,5.0,1216.0,8.0,Partidos
35,Viktor Tsyhankov,ua UKR,"CC,DL",26-120,17.9,851.0,23.0,128.0,323.0,407.0,76.0,851.0,42.0,15.0,35.7,21.0,50.0,551.0,3386.0,1554.0,53.0,39.0,24.0,35.0,22.0,635.0,151.0,Partidos
36,Yan Couto,br BRA,"DF,CC",21-285,19.1,1285.0,43.0,295.0,499.0,510.0,65.0,1285.0,83.0,34.0,41.0,36.0,43.4,820.0,7058.0,4098.0,122.0,72.0,32.0,29.0,24.0,848.0,185.0,Partidos
37,Yangel Herrera,ve VEN,CC,26-060,16.8,1025.0,50.0,229.0,577.0,228.0,52.0,1025.0,23.0,17.0,73.9,5.0,21.7,566.0,2650.0,1147.0,19.0,26.0,3.0,32.0,34.0,713.0,54.0,Partidos
38,David López,es ESP,"DF,CC",34-157,15.0,1221.0,183.0,629.0,561.0,37.0,16.0,1221.0,8.0,4.0,50.0,2.0,25.0,777.0,4309.0,2453.0,12.0,8.0,0.0,11.0,2.0,875.0,1.0,Partidos
39,Arnau Martinez,es ESP,DF,20-324,11.0,756.0,65.0,291.0,378.0,90.0,6.0,756.0,5.0,2.0,40.0,3.0,60.0,414.0,2254.0,1322.0,23.0,10.0,1.0,12.0,6.0,504.0,12.0,Partidos
40,Portu,es ESP,"CC,DL",31-298,8.9,282.0,2.0,31.0,119.0,137.0,35.0,282.0,11.0,2.0,18.2,8.0,72.7,178.0,985.0,475.0,18.0,21.0,4.0,17.0,11.0,213.0,62.0,Partidos
41,Cristhian Stuani,uy URU,DL,37-154,8.1,202.0,14.0,30.0,86.0,86.0,42.0,202.0,5.0,1.0,20.0,4.0,80.0,95.0,363.0,113.0,3.0,1.0,3.0,17.0,3.0,128.0,23.0,Partidos
42,Juanpe,es ESP,DF,32-319,6.7,538.0,87.0,309.0,221.0,9.0,5.0,538.0,1.0,1.0,100.0,0.0,0.0,339.0,1855.0,978.0,3.0,1.0,0.0,3.0,1.0,387.0,0.0,Partidos
43,Pablo Torre,es ESP,"CC,DL",20-346,5.6,392.0,9.0,56.0,197.0,141.0,14.0,392.0,16.0,4.0,25.0,9.0,56.3,263.0,1162.0,576.0,13.0,10.0,2.0,10.0,8.0,316.0,27.0,Partidos
44,Valery Fernández,es ESP,"CC,DF",24-112,5.0,246.0,9.0,50.0,100.0,99.0,21.0,246.0,18.0,6.0,33.3,6.0,33.3,162.0,1155.0,521.0,18.0,9.0,7.0,14.0,6.0,175.0,44.0,Partidos
45,Jhon Solis,co COL,CC,19-163,2.8,197.0,9.0,38.0,118.0,44.0,5.0,197.0,7.0,4.0,57.1,3.0,42.9,111.0,772.0,367.0,6.0,6.0,0.0,4.0,9.0,130.0,11.0,Partidos
46,Antal Yaakobishvili,hu HUN,DF,19-246,0.7,50.0,8.0,31.0,18.0,1.0,1.0,50.0,0.0,0.0,,0.0,,26.0,148.0,54.0,0.0,0.0,0.0,0.0,1.0,39.0,0.0,Partidos
47,Ibrahima Kebe,ml MLI,CC,23-225,0.1,13.0,0.0,6.0,6.0,2.0,1.0,13.0,1.0,0.0,0.0,0.0,0.0,6.0,38.0,1.0,0.0,0.0,0.0,0.0,2.0,4.0,1.0,Partidos
48,Bernardo Espinosa,co COL,DF,34-247,0.0,11.0,4.0,8.0,3.0,0.0,0.0,11.0,0.0,0.0,,0.0,,5.0,11.0,5.0,0.0,0.0,0.0,0.0,0.0,6.0,0.0,Partidos
49,Silvi Clúa,es ESP,CC,19-045,0.0,10.0,0.0,4.0,6.0,0.0,0.0,10.0,0.0,0.0,,0.0,,3.0,10.0,8.0,0.0,0.0,0.0,2.0,0.0,5.0,0.0,Partidos
50,Jastin García,es ESP,CC,20-059,0.0,0.0,0.0,0.0,0.0,0.0,0.0,0.0,0.0,0.0,,0.0,,0.0,0.0,0.0,0.0,0.0,0.0,0.0,0.0,0.0,0.0,Partidos
51,Total del equipo,,,26.7,28.0,18862.0,2029.0,6195.0,8449.0,4368.0,700.0,18859.0,545.0,253.0,46.4,217.0,39.8,11885.0,67637.0,34987.0,655.0,459.0,166.0,430.0,272.0,13479.0,1192.0,
52,Total del oponente,,,28.0,28.0,14975.0,1700.0,4775.0,6381.0,4004.0,626.0,14972.0,429.0,189.0,44.1,196.0,45.7,8568.0,45320.0,22590.0,460.0,369.0,112.0,370.0,214.0,9633.0,928.0,
53,İlkay Gündoğan,de GER,CC,33-142,25.3,2027.0,37.0,278.0,1104.0,663.0,63.0,2025.0,47.0,25.0,53.2,14.0,29.8,1197.0,6868.0,3502.0,62.0,72.0,8.0,31.0,18.0,1537.0,96.0,Partidos
54,Robert Lewandowski,pl POL,DL,35-206,23.0,676.0,22.0,41.0,256.0,388.0,129.0,673.0,40.0,16.0,40.0,23.0,57.5,408.0,1935.0,746.0,31.0,22.0,12.0,71.0,22.0,558.0,133.0,Partidos
55,Jules Koundé,fr FRA,DF,25-123,22.9,2142.0,129.0,676.0,1170.0,314.0,30.0,2142.0,22.0,10.0,45.5,8.0,36.4,1334.0,6788.0,4414.0,44.0,49.0,2.0,19.0,8.0,1517.0,37.0,Partidos
56,João Cancelo,pt POR,DF,29-292,20.8,1685.0,68.0,361.0,859.0,487.0,51.0,1685.0,88.0,52.0,59.1,26.0,29.5,944.0,5790.0,3180.0,87.0,51.0,25.0,44.0,17.0,1114.0,128.0,Partidos
57,Andreas Christensen,dk DEN,"DF,CC",27-339,17.5,1417.0,90.0,475.0,881.0,66.0,13.0,1417.0,5.0,3.0,60.0,2.0,40.0,929.0,4326.0,2584.0,19.0,13.0,0.0,4.0,7.0,1099.0,4.0,Partidos
58,Frenkie de Jong,nl NED,CC,26-307,17.7,1817.0,66.0,350.0,1130.0,350.0,18.0,1817.0,24.0,13.0,54.2,8.0,33.3,1189.0,7217.0,4330.0,69.0,52.0,3.0,14.0,16.0,1447.0,38.0,Partidos
59,Marc-André ter Stegen,de GER,PO,31-319,18.0,681.0,517.0,670.0,12.0,0.0,0.0,681.0,0.0,0.0,,0.0,,441.0,2173.0,1617.0,0.0,0.0,0.0,0.0,0.0,386.0,0.0,Partidos
60,Ronald Araújo,uy URU,DF,25-007,17.9,1446.0,126.0,575.0,802.0,81.0,23.0,1446.0,11.0,8.0,72.7,2.0,18.2,939.0,5093.0,3101.0,23.0,14.0,2.0,13.0,4.0,1071.0,9.0,Partidos
61,João Félix,pt POR,DL,24-125,13.4,711.0,8.0,68.0,265.0,385.0,80.0,711.0,73.0,23.0,31.5,41.0,56.2,473.0,2886.0,1593.0,55.0,43.0,24.0,35.0,23.0,584.0,139.0,Partidos
62,Alejandro Balde,es ESP,DF,20-148,15.3,979.0,35.0,215.0,394.0,384.0,40.0,979.0,53.0,20.0,37.7,20.0,37.7,567.0,3770.0,2213.0,73.0,36.0,20.0,32.0,16.0,664.0,141.0,Partidos
63,Lamine Yamal,es ESP,DL,16-245,16.4,959.0,11.0,88.0,282.0,608.0,91.0,959.0,101.0,47.0,46.5,30.0,29.7,670.0,4548.0,2706.0,83.0,48.0,36.0,40.0,17.0,730.0,204.0,Partidos
64,Pedri,es ESP,"CC,DL",21-110,12.1,926.0,14.0,120.0,494.0,322.0,27.0,926.0,25.0,11.0,44.0,12.0,48.0,548.0,3327.0,1723.0,35.0,31.0,6.0,25.0,9.0,725.0,56.0,Partidos
65,Raphinha,br BRA,"DL,CC",27-091,10.1,626.0,4.0,53.0,225.0,354.0,62.0,626.0,35.0,17.0,48.6,15.0,42.9,369.0,2065.0,1147.0,38.0,16.0,15.0,27.0,7.0,445.0,129.0,Partidos
66,Gavi,es ESP,"CC,DL",19-222,10.5,678.0,27.0,108.0,394.0,181.0,18.0,678.0,22.0,12.0,54.5,8.0,36.4,424.0,2231.0,1170.0,26.0,24.0,3.0,19.0,11.0,479.0,38.0,Partidos
67,Ferrán Torres,es ESP,DL,24-014,10.4,471.0,4.0,30.0,192.0,254.0,48.0,471.0,18.0,8.0,44.4,9.0,50.0,264.0,1435.0,645.0,24.0,18.0,12.0,28.0,12.0,375.0,89.0,Partidos
68,Iñaki Peña,es ESP,PO,25-012,10.0,314.0,279.0,313.0,1.0,0.0,0.0,314.0,0.0,0.0,,0.0,,187.0,792.0,437.0,0.0,0.0,0.0,0.0,0.0,165.0,0.0,Partidos
69,Oriol Romeu,es ESP,CC,32-172,8.4,767.0,21.0,119.0,511.0,138.0,4.0,767.0,4.0,3.0,75.0,1.0,25.0,458.0,1906.0,982.0,8.0,21.0,0.0,7.0,7.0,585.0,3.0,Partidos
70,Iñigo Martínez,es ESP,DF,32-302,8.8,772.0,72.0,315.0,433.0,28.0,8.0,772.0,0.0,0.0,,0.0,,493.0,3016.0,2134.0,17.0,10.0,0.0,2.0,0.0,560.0,2.0,Partidos
71,Pau Cubarsí,es ESP,DF,17-052,8.1,789.0,94.0,395.0,376.0,18.0,0.0,789.0,1.0,1.0,100.0,0.0,0.0,541.0,2571.0,1274.0,7.0,3.0,0.0,2.0,2.0,608.0,0.0,Partidos
72,Fermin López,es ESP,"CC,DL",20-308,8.9,491.0,7.0,55.0,244.0,195.0,38.0,491.0,24.0,15.0,62.5,6.0,25.0,289.0,1463.0,772.0,19.0,17.0,5.0,32.0,16.0,352.0,46.0,Partidos
73,Sergi Roberto,es ESP,"CC,DF",32-036,4.0,248.0,3.0,32.0,145.0,73.0,18.0,248.0,0.0,0.0,,0.0,,135.0,875.0,440.0,6.0,6.0,2.0,5.0,2.0,183.0,19.0,Partidos
74,Marcos Alonso,es ESP,DF,33-077,1.8,162.0,5.0,31.0,73.0,59.0,7.0,162.0,4.0,3.0,75.0,1.0,25.0,105.0,556.0,273.0,8.0,7.0,2.0,1.0,2.0,110.0,26.0,Partidos
75,Vitor Roque,br BRA,DL,19-015,2.2,85.0,4.0,9.0,24.0,53.0,16.0,85.0,11.0,4.0,36.4,6.0,54.5,49.0,348.0,218.0,7.0,4.0,3.0,6.0,4.0,58.0,16.0,Partidos
76,Héctor Fort,es ESP,DF,17-225,1.1,74.0,6.0,25.0,22.0,27.0,2.0,74.0,1.0,0.0,0.0,1.0,100.0,41.0,139.0,47.0,1.0,1.0,0.0,0.0,2.0,46.0,12.0,Partidos
77,Marc Guiu,es ESP,"DL,CC",18-070,0.8,20.0,0.0,0.0,10.0,10.0,4.0,20.0,0.0,0.0,,0.0,,13.0,47.0,13.0,1.0,1.0,1.0,3.0,2.0,16.0,8.0,Partidos
78,Abdessamad Ezzalzouli,ma MAR,"DL,CC",22-088,0.8,54.0,0.0,2.0,13.0,39.0,7.0,54.0,4.0,2.0,50.0,2.0,50.0,41.0,302.0,143.0,7.0,3.0,4.0,4.0,2.0,43.0,12.0,Partidos
79,Eric García,es ESP,DF,23-065,0.6,53.0,2.0,18.0,33.0,2.0,1.0,53.0,0.0,0.0,,0.0,,34.0,171.0,114.0,0.0,0.0,0.0,0.0,0.0,37.0,0.0,Partidos
80,Ansu Fati,es ESP,"CC,DL",21-135,0.6,42.0,0.0,1.0,16.0,25.0,5.0,42.0,3.0,1.0,33.3,1.0,33.3,32.0,266.0,157.0,6.0,4.0,2.0,1.0,1.0,35.0,5.0,Partidos
81,Total del equipo,,,26.7,28.0,21112.0,1651.0,5423.0,10361.0,5504.0,803.0,21107.0,616.0,294.0,47.7,236.0,38.3,13114.0,72904.0,41675.0,756.0,566.0,187.0,465.0,227.0,15529.0,1390.0,
82,Total del oponente,,,27.6,28.0,12895.0,1909.0,4754.0,5156.0,3127.0,530.0,12895.0,426.0,198.0,46.5,186.0,43.7,6312.0,34480.0,17097.0,345.0,279.0,108.0,343.0,251.0,7361.0,740.0,
83,Jan Oblak,si SVN,PO,31-067,28.0,801.0,746.0,801.0,0.0,0.0,0.0,801.0,1.0,1.0,100.0,0.0,0.0,405.0,2129.0,1246.0,0.0,0.0,0.0,1.0,1.0,306.0,0.0,Partidos
84,Axel Witsel,be BEL,DF,35-062,23.7,1710.0,230.0,874.0,776.0,64.0,18.0,1710.0,8.0,5.0,62.5,3.0,37.5,1130.0,5266.0,2642.0,17.0,15.0,0.0,12.0,6.0,1195.0,7.0,Partidos
85,Mario Hermoso,es ESP,DF,28-270,22.6,1790.0,121.0,648.0,940.0,216.0,20.0,1790.0,17.0,10.0,58.8,4.0,23.5,1021.0,4372.0,2453.0,27.0,28.0,0.0,18.0,9.0,1209.0,52.0,Partidos
86,Antoine Griezmann,fr FRA,"DL,CC",32-359,21.6,1237.0,24.0,141.0,582.0,524.0,89.0,1234.0,35.0,22.0,62.9,12.0,34.3,649.0,2826.0,1407.0,31.0,22.0,4.0,33.0,17.0,892.0,151.0,Partidos
87,Koke,es ESP,CC,32-066,18.6,1764.0,57.0,417.0,1128.0,225.0,9.0,1764.0,6.0,2.0,33.3,4.0,66.7,1076.0,4359.0,2012.0,19.0,17.0,1.0,17.0,16.0,1361.0,20.0,Partidos
88,Marcos Llorente,es ESP,"CC,DF",29-044,20.8,1056.0,35.0,212.0,450.0,401.0,59.0,1056.0,22.0,8.0,36.4,10.0,45.5,612.0,3086.0,1573.0,52.0,31.0,14.0,20.0,14.0,749.0,130.0,Partidos
89,Álvaro Morata,es ESP,DL,31-143,18.5,527.0,25.0,77.0,207.0,247.0,102.0,526.0,34.0,16.0,47.1,15.0,44.1,297.0,1349.0,539.0,15.0,11.0,11.0,37.0,29.0,370.0,78.0,Partidos
90,Rodrigo De Paul,ar ARG,CC,29-295,16.8,1368.0,22.0,207.0,805.0,372.0,33.0,1368.0,42.0,24.0,57.1,13.0,31.0,914.0,5715.0,2913.0,55.0,52.0,10.0,27.0,8.0,1064.0,43.0,Partidos
91,Samuel Lino,br BRA,DF,24-082,15.7,920.0,27.0,208.0,345.0,387.0,65.0,920.0,51.0,26.0,51.0,20.0,39.2,615.0,4429.0,2650.0,94.0,59.0,29.0,29.0,26.0,665.0,156.0,Partidos
92,Nahuel Molina,ar ARG,DF,25-343,16.5,1220.0,36.0,312.0,522.0,393.0,31.0,1220.0,25.0,12.0,48.0,13.0,52.0,694.0,2670.0,1447.0,37.0,33.0,6.0,29.0,13.0,803.0,133.0,Partidos
93,Stefan Savić,me MNE,DF,33-066,13.1,842.0,105.0,418.0,401.0,26.0,6.0,842.0,6.0,6.0,100.0,0.0,0.0,481.0,2469.0,1547.0,13.0,4.0,0.0,3.0,0.0,549.0,2.0,Partidos
94,Saúl Ñíguez,es ESP,CC,29-114,13.5,845.0,63.0,229.0,437.0,183.0,30.0,845.0,15.0,8.0,53.3,5.0,33.3,392.0,1873.0,855.0,19.0,16.0,1.0,25.0,14.0,542.0,41.0,Partidos
95,Pablo Barrios,es ESP,CC,20-273,12.6,817.0,26.0,185.0,480.0,164.0,9.0,817.0,39.0,31.0,79.5,7.0,17.9,491.0,2988.0,1386.0,34.0,28.0,3.0,30.0,17.0,581.0,34.0,Partidos
96,Rodrigo Riquelme,es ESP,"DF,CC",23-347,11.7,650.0,11.0,118.0,210.0,330.0,68.0,650.0,49.0,19.0,38.8,30.0,61.2,427.0,3112.0,1729.0,69.0,40.0,25.0,32.0,12.0,448.0,119.0,Partidos
97,César Azpilicueta,es ESP,DF,34-199,10.6,825.0,64.0,267.0,432.0,131.0,8.0,825.0,4.0,1.0,25.0,3.0,75.0,455.0,2403.0,1543.0,25.0,18.0,3.0,7.0,5.0,524.0,29.0,Partidos
98,José María Giménez,uy URU,DF,29-054,8.7,492.0,89.0,276.0,208.0,12.0,6.0,492.0,3.0,2.0,66.7,1.0,33.3,269.0,1214.0,596.0,1.0,0.0,0.0,2.0,0.0,299.0,1.0,Partidos
99,Memphis,nl NED,DL,30-030,8.1,335.0,1.0,18.0,151.0,172.0,53.0,335.0,27.0,13.0,48.1,11.0,40.7,192.0,917.0,430.0,14.0,9.0,7.0,33.0,16.0,267.0,69.0,Partidos
100,Ángel Correa,ar ARG,"DL,CC",29-005,9.8,444.0,2.0,31.0,172.0,245.0,74.0,443.0,39.0,20.0,51.3,18.0,46.2,312.0,1407.0,640.0,21.0,11.0,14.0,31.0,21.0,339.0,85.0,Partidos
101,Reinildo Mandava,mz MOZ,DF,30-053,4.6,312.0,20.0,123.0,156.0,35.0,4.0,312.0,8.0,4.0,50.0,4.0,50.0,147.0,731.0,427.0,9.0,9.0,1.0,7.0,0.0,172.0,7.0,Partidos
102,Gabriel Paulista,br BRA,DF,33-109,4.0,283.0,42.0,177.0,104.0,3.0,3.0,283.0,0.0,0.0,,0.0,,164.0,940.0,442.0,1.0,0.0,0.0,0.0,1.0,187.0,0.0,Partidos
103,Yannick Carrasco,be BEL,DF,30-192,2.5,113.0,5.0,29.0,38.0,49.0,6.0,113.0,6.0,5.0,83.3,1.0,16.7,66.0,450.0,246.0,9.0,5.0,2.0,5.0,3.0,63.0,17.0,Partidos
104,Thomas Lemar,fr FRA,CC,28-123,1.8,99.0,0.0,8.0,58.0,34.0,4.0,99.0,2.0,1.0,50.0,1.0,50.0,78.0,447.0,217.0,5.0,4.0,0.0,3.0,2.0,83.0,9.0,Partidos
105,Çağlar Söyüncü,tr TUR,DF,27-296,1.3,97.0,5.0,47.0,48.0,3.0,1.0,97.0,1.0,1.0,100.0,0.0,0.0,65.0,337.0,150.0,2.0,2.0,1.0,0.0,2.0,65.0,0.0,Partidos
106,Arthur Vermeeren,be BEL,CC,19-036,0.9,73.0,3.0,16.0,48.0,11.0,0.0,73.0,1.0,0.0,0.0,1.0,100.0,44.0,214.0,97.0,2.0,0.0,0.0,2.0,0.0,49.0,4.0,Partidos
107,Javi Galán,es ESP,DF,29-116,1.0,78.0,0.0,17.0,19.0,43.0,3.0,78.0,4.0,2.0,50.0,0.0,0.0,52.0,289.0,146.0,3.0,1.0,0.0,5.0,3.0,48.0,13.0,Partidos
108,Salim El Jebari,ma MAR,CC,20-038,0.1,9.0,1.0,1.0,4.0,4.0,0.0,9.0,0.0,0.0,,0.0,,5.0,47.0,24.0,1.0,1.0,0.0,1.0,1.0,6.0,1.0,Partidos
109,Total del equipo,,,29.8,28.0,18707.0,1760.0,5857.0,8721.0,4274.0,701.0,18702.0,445.0,239.0,53.7,176.0,39.6,11053.0,56039.0,29357.0,575.0,416.0,132.0,409.0,236.0,12836.0,1201.0,
110,Total del oponente,,,27.6,28.0,17761.0,1848.0,5346.0,8209.0,4389.0,564.0,17759.0,547.0,252.0,46.1,246.0,45.0,9999.0,50836.0,25337.0,488.0,376.0,110.0,444.0,239.0,11870.0,1087.0,
111,Unai Simón,es ESP,PO,26-277,28.0,1026.0,760.0,1019.0,7.0,0.0,0.0,1026.0,0.0,0.0,,0.0,,527.0,2822.0,1563.0,0.0,0.0,0.0,0.0,0.0,419.0,0.0,Partidos
112,Daniel Vivian,es ESP,DF,24-243,24.7,1476.0,127.0,734.0,702.0,52.0,23.0,1476.0,8.0,3.0,37.5,4.0,50.0,792.0,4178.0,2388.0,16.0,7.0,2.0,21.0,2.0,847.0,3.0,Partidos
113,Gorka Guruzeta,es ESP,DL,27-184,20.7,779.0,20.0,69.0,387.0,331.0,87.0,778.0,27.0,16.0,59.3,10.0,37.0,369.0,1472.0,577.0,13.0,11.0,4.0,52.0,26.0,520.0,86.0,Partidos
114,Aitor Paredes,es ESP,DF,23-320,23.7,1390.0,119.0,712.0,650.0,35.0,19.0,1390.0,2.0,1.0,50.0,1.0,50.0,769.0,4104.0,2147.0,5.0,2.0,0.0,6.0,1.0,889.0,1.0,Partidos
115,Iñaki Williams,gh GHA,DL,29-273,23.6,1049.0,36.0,102.0,345.0,621.0,131.0,1049.0,90.0,40.0,44.4,43.0,47.8,651.0,4274.0,2192.0,88.0,46.0,41.0,69.0,40.0,752.0,232.0,Partidos
116,Oihan Sancet,es ESP,CC,23-324,18.9,904.0,4.0,50.0,424.0,446.0,75.0,903.0,51.0,23.0,45.1,22.0,43.1,585.0,3525.0,1771.0,66.0,55.0,12.0,61.0,37.0,713.0,128.0,Partidos
117,Nico Williams,es ESP,DL,21-246,18.0,830.0,11.0,76.0,262.0,511.0,103.0,830.0,126.0,58.0,46.0,58.0,46.0,555.0,4528.0,2593.0,93.0,55.0,48.0,52.0,41.0,570.0,195.0,Partidos
118,Iñigo Ruiz de Galarreta,es ESP,CC,30-221,18.2,1058.0,25.0,146.0,643.0,282.0,6.0,1058.0,25.0,16.0,64.0,7.0,28.0,587.0,2735.0,1175.0,20.0,25.0,1.0,20.0,24.0,686.0,28.0,Partidos
119,Óscar de Marcos,es ESP,DF,34-335,18.5,1281.0,45.0,279.0,635.0,373.0,26.0,1281.0,17.0,4.0,23.5,13.0,76.5,607.0,2559.0,1479.0,38.0,27.0,5.0,11.0,4.0,719.0,79.0,Partidos
120,Yuri Berchiche,es ESP,DF,34-033,16.7,1154.0,57.0,343.0,579.0,245.0,25.0,1154.0,9.0,6.0,66.7,1.0,11.1,569.0,2415.0,1257.0,26.0,23.0,3.0,11.0,8.0,624.0,53.0,Partidos
121,Iñigo Lekue,es ESP,DF,30-315,15.0,967.0,45.0,272.0,505.0,202.0,8.0,967.0,33.0,15.0,45.5,17.0,51.5,457.0,2631.0,1353.0,33.0,24.0,1.0,10.0,7.0,527.0,27.0,Partidos
122,Mikel Vesga,es ESP,CC,30-298,13.9,816.0,38.0,156.0,511.0,155.0,19.0,814.0,11.0,2.0,18.2,9.0,81.8,398.0,1676.0,781.0,7.0,10.0,1.0,14.0,8.0,510.0,21.0,Partidos
123,Álex Berenguer,es ESP,DL,28-254,12.3,599.0,11.0,72.0,184.0,349.0,54.0,598.0,40.0,17.0,42.5,22.0,55.0,313.0,2006.0,1035.0,46.0,24.0,17.0,26.0,20.0,368.0,98.0,Partidos
124,Beñat Prados,es ESP,"CC,DF",23-035,9.8,561.0,20.0,103.0,342.0,124.0,8.0,561.0,12.0,7.0,58.3,4.0,33.3,305.0,1381.0,625.0,10.0,13.0,1.0,10.0,15.0,335.0,14.0,Partidos
125,Ander Herrera,es ESP,CC,34-213,8.8,659.0,26.0,123.0,409.0,139.0,9.0,659.0,10.0,5.0,50.0,4.0,40.0,329.0,1244.0,563.0,8.0,12.0,0.0,4.0,6.0,430.0,11.0,Partidos
126,Yeray Álvarez,es ESP,DF,29-050,7.2,419.0,35.0,191.0,209.0,21.0,4.0,419.0,1.0,0.0,0.0,1.0,100.0,211.0,1157.0,701.0,5.0,3.0,0.0,3.0,0.0,227.0,2.0,Partidos
127,Dani García,es ESP,CC,33-295,5.8,275.0,10.0,53.0,178.0,48.0,7.0,275.0,1.0,1.0,100.0,0.0,0.0,135.0,521.0,231.0,2.0,3.0,0.0,2.0,2.0,161.0,3.0,Partidos
128,Unai Gómez,es ESP,CC,20-294,5.6,205.0,4.0,21.0,97.0,94.0,17.0,205.0,21.0,9.0,42.9,9.0,42.9,126.0,813.0,413.0,14.0,14.0,1.0,7.0,11.0,137.0,23.0,Partidos
129,Imanol,es ESP,DF,23-280,4.4,308.0,9.0,67.0,164.0,82.0,3.0,308.0,5.0,4.0,80.0,1.0,20.0,149.0,743.0,422.0,12.0,9.0,2.0,5.0,1.0,155.0,14.0,Partidos
130,Iker Muniain,es ESP,"CC,DL",31-086,4.4,307.0,3.0,20.0,152.0,135.0,14.0,307.0,17.0,8.0,47.1,8.0,47.1,192.0,914.0,444.0,13.0,8.0,3.0,9.0,8.0,231.0,33.0,Partidos
131,Asier Villalibre,es ESP,DL,26-166,3.8,133.0,4.0,12.0,47.0,74.0,23.0,133.0,8.0,1.0,12.5,6.0,75.0,78.0,309.0,159.0,6.0,4.0,6.0,7.0,10.0,106.0,25.0,Partidos
132,Adu Ares,es ESP,"DL,CC",22-154,1.7,92.0,1.0,15.0,37.0,44.0,3.0,92.0,14.0,9.0,64.3,4.0,28.6,66.0,499.0,241.0,7.0,1.0,2.0,4.0,4.0,68.0,30.0,Partidos
133,Raúl García,es ESP,"DL,CC",37-247,2.2,93.0,6.0,15.0,46.0,33.0,8.0,93.0,2.0,1.0,50.0,1.0,50.0,50.0,209.0,81.0,1.0,5.0,1.0,5.0,1.0,68.0,8.0,Partidos
134,Mikel Jauregizar,es ESP,CC,20-123,0.7,,,,,,,,,,,,,,,,,,,,,,,Partidos
135,Peru Nolaskoain,es ESP,"DF,CC",25-141,0.1,10.0,0.0,6.0,5.0,0.0,0.0,10.0,0.0,0.0,,0.0,,4.0,19.0,1.0,0.0,0.0,0.0,0.0,0.0,5.0,0.0,Partidos
136,Total del equipo,,,28.0,28.0,16391.0,1416.0,4656.0,7520.0,4396.0,672.0,16386.0,530.0,246.0,46.4,245.0,46.2,8824.0,46734.0,24192.0,529.0,381.0,151.0,409.0,276.0,10067.0,1114.0,
137,Total del oponente,,,27.5,28.0,17401.0,1985.0,6670.0,7743.0,3148.0,466.0,17400.0,555.0,258.0,46.5,236.0,42.5,9383.0,46572.0,22930.0,375.0,294.0,86.0,478.0,209.0,10874.0,913.0,
138,Álex Remiro,es ESP,PO,28-356,26.4,989.0,798.0,979.0,10.0,0.0,0.0,989.0,0.0,0.0,,0.0,,583.0,2979.0,1487.0,0.0,0.0,0.0,2.0,0.0,528.0,0.0,Partidos
139,Martín Zubimendi,es ESP,CC,25-041,25.7,1554.0,82.0,354.0,997.0,218.0,25.0,1554.0,16.0,11.0,68.8,4.0,25.0,855.0,4760.0,2449.0,30.0,38.0,5.0,19.0,16.0,1032.0,23.0,Partidos
140,Igor Zubeldia,es ESP,DF,26-350,24.0,1700.0,147.0,769.0,900.0,40.0,16.0,1700.0,8.0,4.0,50.0,4.0,50.0,1058.0,6589.0,4115.0,26.0,1.0,0.0,10.0,3.0,1114.0,0.0,Partidos
141,Brais Méndez,es ESP,"CC,DL",27-067,22.0,1243.0,26.0,122.0,674.0,462.0,52.0,1243.0,42.0,18.0,42.9,21.0,50.0,715.0,3214.0,1440.0,36.0,33.0,11.0,46.0,26.0,879.0,106.0,Partidos
142,Robin Le Normand,es ESP,DF,27-124,20.5,1477.0,127.0,657.0,789.0,35.0,12.0,1477.0,1.0,1.0,100.0,0.0,0.0,922.0,5520.0,3132.0,20.0,13.0,0.0,13.0,5.0,990.0,1.0,Partidos
143,Hamari Traoré,ml MLI,DF,32-047,19.1,1320.0,67.0,326.0,737.0,269.0,14.0,1320.0,23.0,14.0,60.9,7.0,30.4,684.0,3410.0,1807.0,39.0,27.0,3.0,18.0,7.0,734.0,62.0,Partidos
144,Takefusa Kubo,jp JPN,"DL,CC",22-284,18.7,880.0,11.0,76.0,291.0,527.0,106.0,880.0,89.0,42.0,47.2,32.0,36.0,581.0,5084.0,2726.0,109.0,47.0,52.0,50.0,22.0,627.0,182.0,Partidos
145,Mikel Merino,es ESP,CC,27-266,18.6,1166.0,61.0,219.0,618.0,344.0,65.0,1166.0,32.0,17.0,53.1,11.0,34.4,583.0,2504.0,1070.0,20.0,25.0,4.0,48.0,29.0,785.0,66.0,Partidos
146,Mikel Oyarzabal,es ESP,"DL,CC",26-328,16.1,504.0,10.0,61.0,219.0,229.0,49.0,502.0,15.0,7.0,46.7,6.0,40.0,259.0,1126.0,443.0,20.0,14.0,6.0,41.0,16.0,347.0,81.0,Partidos
147,Ander Barrenetxea,es ESP,"DL,CC",22-078,11.0,574.0,5.0,51.0,213.0,318.0,47.0,574.0,67.0,31.0,46.3,28.0,41.8,395.0,2740.0,1143.0,44.0,29.0,16.0,36.0,35.0,419.0,120.0,Partidos
148,Beñat Turrientes,es ESP,CC,22-043,11.9,500.0,16.0,91.0,293.0,128.0,8.0,500.0,32.0,17.0,53.1,9.0,28.1,286.0,1705.0,812.0,18.0,14.0,2.0,19.0,8.0,333.0,22.0,Partidos
149,Umar Sadiq,ng NGA,DL,27-041,11.7,349.0,8.0,17.0,140.0,199.0,57.0,349.0,49.0,31.0,63.3,17.0,34.7,216.0,1304.0,427.0,18.0,11.0,10.0,45.0,33.0,261.0,71.0,Partidos
150,Aihen Muñoz,es ESP,DF,26-211,12.5,838.0,44.0,244.0,418.0,181.0,6.0,838.0,19.0,10.0,52.6,7.0,36.8,372.0,2000.0,917.0,24.0,23.0,1.0,14.0,8.0,429.0,23.0,Partidos
151,Kieran Tierney,sct SCO,DF,26-283,10.2,770.0,32.0,213.0,405.0,157.0,6.0,770.0,12.0,4.0,33.3,7.0,58.3,378.0,1688.0,932.0,20.0,16.0,2.0,10.0,2.0,427.0,32.0,Partidos
152,Arsen Zakharyan,ru RUS,"CC,DL",20-293,8.6,438.0,7.0,52.0,163.0,225.0,21.0,438.0,25.0,7.0,28.0,15.0,60.0,258.0,1264.0,702.0,21.0,14.0,6.0,16.0,5.0,293.0,72.0,Partidos
153,Jon Pacheco,es ESP,DF,23-066,10.2,766.0,77.0,342.0,404.0,22.0,6.0,766.0,1.0,1.0,100.0,0.0,0.0,440.0,2051.0,1129.0,3.0,5.0,0.0,6.0,1.0,519.0,1.0,Partidos
154,André Silva,pt POR,DL,28-129,5.8,169.0,2.0,10.0,70.0,90.0,18.0,168.0,16.0,4.0,25.0,11.0,68.8,101.0,525.0,174.0,4.0,3.0,4.0,14.0,15.0,126.0,32.0,Partidos
155,Javi Galán,es ESP,DF,29-116,5.6,433.0,9.0,88.0,197.0,153.0,6.0,433.0,21.0,8.0,38.1,9.0,42.9,248.0,1550.0,927.0,24.0,12.0,2.0,10.0,6.0,261.0,59.0,Partidos
156,Carlos Fernández,es ESP,DL,27-297,4.5,142.0,6.0,16.0,79.0,49.0,14.0,141.0,10.0,3.0,30.0,7.0,70.0,64.0,315.0,100.0,5.0,3.0,0.0,13.0,14.0,85.0,13.0,Partidos
157,Aritz Elustondo,es ESP,DF,29-352,5.5,332.0,25.0,147.0,156.0,31.0,8.0,332.0,2.0,1.0,50.0,1.0,50.0,165.0,851.0,387.0,4.0,5.0,1.0,0.0,2.0,189.0,2.0,Partidos
158,Jon Aramburu,ve VEN,DF,21-235,4.8,321.0,17.0,72.0,171.0,83.0,3.0,321.0,5.0,1.0,20.0,3.0,60.0,141.0,577.0,267.0,3.0,9.0,0.0,6.0,5.0,176.0,23.0,Partidos
159,Álvaro Odriozola,es ESP,DF,28-091,1.2,82.0,2.0,19.0,43.0,20.0,2.0,82.0,2.0,0.0,0.0,2.0,100.0,35.0,240.0,103.0,4.0,0.0,1.0,3.0,2.0,47.0,3.0,Partidos
160,Olasagasti,es ESP,CC,23-211,3.5,205.0,8.0,38.0,100.0,70.0,14.0,205.0,9.0,6.0,66.7,3.0,33.3,100.0,400.0,176.0,5.0,3.0,3.0,7.0,6.0,122.0,10.0,Partidos
161,Urko González,es ESP,CC,22-360,1.7,103.0,8.0,29.0,61.0,13.0,1.0,103.0,1.0,0.0,0.0,1.0,100.0,46.0,229.0,136.0,1.0,0.0,0.0,2.0,2.0,69.0,1.0,Partidos
162,Mohamed Ali Cho,fr FRA,"DL,CC",20-055,2.8,106.0,0.0,10.0,47.0,53.0,9.0,106.0,20.0,7.0,35.0,9.0,45.0,69.0,590.0,363.0,16.0,11.0,4.0,10.0,2.0,68.0,19.0,Partidos
163,Unai Marrero,es ESP,PO,22-157,1.6,46.0,32.0,43.0,3.0,0.0,0.0,46.0,0.0,0.0,,0.0,,22.0,94.0,55.0,0.0,0.0,0.0,0.0,0.0,11.0,0.0,Partidos
164,Sheraldo Becker,sr SUR,"CC,DL",29-034,1.6,68.0,0.0,2.0,16.0,51.0,9.0,68.0,0.0,0.0,,0.0,,45.0,315.0,138.0,8.0,3.0,1.0,2.0,1.0,53.0,21.0,Partidos
165,Jon Magunacelaya,es ESP,"DL,CC",23-245,1.3,60.0,2.0,12.0,28.0,20.0,5.0,60.0,3.0,1.0,33.3,1.0,33.3,29.0,136.0,79.0,2.0,2.0,0.0,3.0,2.0,34.0,8.0,Partidos
166,Alex Sola,es ESP,"DF,CC",24-279,0.3,21.0,2.0,5.0,13.0,3.0,0.0,21.0,0.0,0.0,,0.0,,11.0,75.0,31.0,1.0,1.0,0.0,0.0,1.0,10.0,0.0,Partidos
167,Alberto Dadie,es ESP,CC,21-238,0.3,14.0,0.0,6.0,6.0,2.0,1.0,14.0,1.0,0.0,0.0,1.0,100.0,12.0,28.0,8.0,0.0,0.0,0.0,4.0,0.0,10.0,0.0,Partidos
168,Total del equipo,,,26.4,28.0,17170.0,1631.0,5070.0,8261.0,3992.0,580.0,17166.0,521.0,246.0,47.2,216.0,41.5,9673.0,53863.0,27675.0,525.0,362.0,134.0,467.0,274.0,10978.0,1053.0,
169,Total del oponente,,,28.1,28.0,14096.0,1817.0,5262.0,5944.0,3042.0,453.0,14092.0,461.0,198.0,43.0,214.0,46.4,7044.0,36236.0,16224.0,292.0,223.0,68.0,426.0,262.0,7954.0,685.0,
170,Germán Pezzella,ar ARG,DF,32-261,25.1,1467.0,211.0,847.0,579.0,46.0,29.0,1467.0,6.0,3.0,50.0,3.0,50.0,795.0,3775.0,1891.0,5.0,7.0,0.0,14.0,4.0,905.0,1.0,Partidos
171,Isco,es ESP,CC,31-328,20.5,1432.0,7.0,83.0,733.0,636.0,57.0,1431.0,96.0,50.0,52.1,38.0,39.6,913.0,6192.0,2903.0,80.0,66.0,8.0,61.0,47.0,1062.0,108.0,Partidos
172,Marc Roca,es ESP,CC,27-109,20.2,1305.0,50.0,314.0,791.0,217.0,23.0,1305.0,18.0,9.0,50.0,8.0,44.4,773.0,3937.0,1989.0,24.0,22.0,6.0,17.0,17.0,886.0,19.0,Partidos
173,Rui Silva,pt POR,PO,30-036,18.5,721.0,590.0,718.0,3.0,0.0,0.0,721.0,1.0,1.0,100.0,0.0,0.0,400.0,2232.0,1124.0,0.0,0.0,0.0,0.0,0.0,313.0,1.0,Partidos
174,Ayoze Pérez,es ESP,DL,30-229,16.7,715.0,11.0,83.0,320.0,327.0,99.0,715.0,75.0,31.0,41.3,41.0,54.7,453.0,2805.0,1488.0,52.0,28.0,21.0,40.0,29.0,497.0,109.0,Partidos
175,Héctor Bellerín,es ESP,DF,28-361,16.4,1032.0,46.0,315.0,474.0,250.0,19.0,1032.0,41.0,11.0,26.8,29.0,70.7,508.0,2821.0,1596.0,30.0,22.0,6.0,20.0,16.0,598.0,66.0,Partidos
176,Willian José,br BRA,DL,32-112,15.8,512.0,16.0,38.0,250.0,228.0,58.0,512.0,10.0,4.0,40.0,6.0,60.0,282.0,1006.0,348.0,6.0,7.0,2.0,25.0,17.0,395.0,66.0,Partidos
177,Chadi Riad,ma MAR,DF,20-271,15.5,940.0,123.0,593.0,332.0,19.0,12.0,940.0,0.0,0.0,,0.0,,554.0,2630.0,1228.0,0.0,5.0,0.0,4.0,2.0,619.0,1.0,Partidos
178,Guido Rodríguez,ar ARG,CC,29-337,13.3,782.0,46.0,226.0,459.0,98.0,12.0,782.0,11.0,8.0,72.7,2.0,18.2,424.0,1756.0,737.0,6.0,10.0,1.0,10.0,9.0,478.0,5.0,Partidos
179,Juan Miranda,es ESP,DF,24-055,13.2,892.0,51.0,279.0,383.0,235.0,17.0,892.0,12.0,5.0,41.7,5.0,41.7,422.0,1638.0,846.0,25.0,15.0,1.0,12.0,3.0,511.0,56.0,Partidos
180,Abner,br BRA,DF,23-292,12.9,819.0,57.0,285.0,332.0,209.0,26.0,819.0,12.0,6.0,50.0,5.0,41.7,394.0,1606.0,828.0,13.0,10.0,5.0,13.0,11.0,432.0,54.0,Partidos
181,Assane Diao,es ESP,DL,18-189,11.4,464.0,10.0,53.0,186.0,241.0,45.0,464.0,55.0,18.0,32.7,28.0,50.9,297.0,2443.0,920.0,33.0,25.0,14.0,59.0,33.0,332.0,95.0,Partidos
182,Rodri,es ESP,"DL,CC",23-303,9.6,561.0,2.0,78.0,260.0,233.0,33.0,561.0,44.0,17.0,38.6,20.0,45.5,388.0,2346.0,1210.0,35.0,21.0,11.0,25.0,14.0,453.0,92.0,Partidos
183,Aitor Ruibal,es ESP,"DF,DL",27-358,8.6,545.0,27.0,156.0,243.0,159.0,22.0,545.0,38.0,24.0,63.2,11.0,28.9,301.0,1649.0,876.0,20.0,15.0,8.0,15.0,7.0,310.0,45.0,Partidos
184,Sokratis Papastathopoulos,gr GRE,DF,35-279,7.8,427.0,67.0,255.0,168.0,7.0,4.0,427.0,2.0,0.0,0.0,0.0,0.0,219.0,926.0,473.0,1.0,0.0,0.0,3.0,0.0,274.0,1.0,Partidos
185,Claudio Bravo,cl CHI,PO,40-336,7.0,241.0,194.0,239.0,2.0,0.0,0.0,241.0,0.0,0.0,,0.0,,132.0,817.0,591.0,0.0,0.0,0.0,0.0,0.0,100.0,0.0,Partidos
186,Johnny Cardoso,us USA,CC,22-176,6.9,399.0,22.0,107.0,247.0,52.0,4.0,399.0,10.0,6.0,60.0,3.0,30.0,190.0,920.0,428.0,4.0,6.0,0.0,7.0,5.0,223.0,2.0,Partidos
187,Luiz Henrique,br BRA,DL,23-072,6.8,319.0,4.0,33.0,135.0,156.0,34.0,319.0,47.0,26.0,55.3,13.0,27.7,205.0,1791.0,897.0,35.0,14.0,10.0,13.0,17.0,235.0,58.0,Partidos
188,Nabil Fekir,fr FRA,"CC,DL",30-240,6.5,425.0,2.0,29.0,203.0,200.0,34.0,425.0,16.0,11.0,68.8,2.0,12.5,248.0,1265.0,670.0,20.0,15.0,5.0,28.0,12.0,320.0,48.0,Partidos
189,Youssouf Sabaly,sn SEN,DF,31-009,6.0,401.0,18.0,129.0,180.0,94.0,9.0,401.0,13.0,8.0,61.5,4.0,30.8,233.0,1249.0,599.0,19.0,15.0,2.0,7.0,5.0,258.0,18.0,Partidos
190,Sergi Altimira,es ESP,CC,22-202,5.6,338.0,20.0,81.0,200.0,59.0,5.0,338.0,11.0,6.0,54.5,5.0,45.5,191.0,923.0,399.0,9.0,4.0,0.0,8.0,8.0,237.0,7.0,Partidos
191,Abdessamad Ezzalzouli,ma MAR,DL,22-088,7.6,393.0,5.0,48.0,142.0,207.0,43.0,393.0,42.0,19.0,45.2,18.0,42.9,244.0,2372.0,1371.0,47.0,30.0,26.0,20.0,22.0,292.0,70.0,Partidos
192,Pablo Fornals,es ESP,"DL,CC",28-021,5.0,353.0,6.0,40.0,193.0,124.0,10.0,353.0,10.0,5.0,50.0,5.0,50.0,195.0,1037.0,595.0,18.0,13.0,6.0,8.0,5.0,250.0,36.0,Partidos
193,Andrés Guardado,mx MEX,CC,37-168,5.0,346.0,5.0,64.0,222.0,64.0,2.0,346.0,7.0,6.0,85.7,1.0,14.3,175.0,971.0,432.0,5.0,7.0,0.0,9.0,3.0,216.0,6.0,Partidos
194,Borja Iglesias,es ESP,DL,31-057,4.5,141.0,2.0,2.0,60.0,82.0,22.0,141.0,2.0,1.0,50.0,1.0,50.0,77.0,373.0,140.0,5.0,5.0,2.0,15.0,4.0,113.0,32.0,Partidos
195,Luiz Felipe,it ITA,DF,26-358,4.0,209.0,36.0,134.0,73.0,4.0,3.0,209.0,0.0,0.0,,0.0,,106.0,499.0,145.0,0.0,0.0,0.0,1.0,0.0,129.0,0.0,Partidos
196,Ezequiel Ávila,ar ARG,DL,30-037,3.1,115.0,4.0,8.0,45.0,62.0,8.0,115.0,4.0,2.0,50.0,1.0,25.0,82.0,439.0,178.0,7.0,4.0,1.0,5.0,3.0,98.0,30.0,Partidos
197,William Carvalho,pt POR,CC,31-342,5.7,535.0,8.0,77.0,387.0,75.0,5.0,535.0,13.0,4.0,30.8,8.0,61.5,321.0,1269.0,650.0,10.0,13.0,0.0,6.0,8.0,422.0,9.0,Partidos
198,Marc Bartra,es ESP,DF,33-059,2.5,141.0,22.0,86.0,49.0,7.0,4.0,141.0,2.0,2.0,100.0,0.0,0.0,91.0,406.0,215.0,2.0,3.0,0.0,1.0,2.0,90.0,0.0,Partidos
199,Francisco Barbosa,es ESP,PO,24-312,2.5,91.0,81.0,90.0,1.0,0.0,0.0,91.0,0.0,0.0,,0.0,,41.0,216.0,149.0,0.0,0.0,0.0,0.0,0.0,27.0,0.0,Partidos
200,Juan Cruz,es ESP,DL,23-324,0.8,30.0,1.0,4.0,8.0,19.0,3.0,30.0,7.0,4.0,57.1,3.0,42.9,20.0,206.0,107.0,2.0,3.0,0.0,2.0,0.0,19.0,10.0,Partidos
201,Ricardo Visus,es ESP,DF,22-325,0.8,,,,,,,,,,,,,,,,,,,,,,,Partidos
202,Pablo Busto,es ESP,DF,18-181,0.5,33.0,2.0,8.0,17.0,8.0,0.0,33.0,1.0,1.0,100.0,0.0,0.0,12.0,80.0,52.0,1.0,0.0,0.0,0.0,1.0,17.0,1.0,Partidos
203,Paul Akouokou,ci CIV,CC,26-085,0.3,26.0,2.0,10.0,14.0,3.0,0.0,26.0,0.0,0.0,,0.0,,11.0,42.0,8.0,0.0,0.0,0.0,0.0,0.0,15.0,0.0,Partidos
204,Cédric Bakambu,cd COD,DL,32-338,0.3,14.0,0.0,0.0,5.0,9.0,3.0,14.0,0.0,0.0,,0.0,,8.0,59.0,30.0,2.0,1.0,2.0,4.0,1.0,9.0,3.0,Partidos
205,Total del equipo,,,28.4,28.0,17206.0,1752.0,5533.0,7717.0,4130.0,645.0,17205.0,606.0,288.0,47.5,260.0,42.9,9722.0,52787.0,26172.0,516.0,386.0,137.0,452.0,305.0,11159.0,1049.0,
206,Total del oponente,,,27.8,28.0,17052.0,1808.0,5524.0,7848.0,3856.0,540.0,17046.0,547.0,247.0,45.2,257.0,47.0,9131.0,49437.0,25662.0,481.0,395.0,113.0,394.0,232.0,10964.0,1049.0,
207,Giorgi Mamardashvili,ge GEO,PO,23-167,27.0,843.0,714.0,839.0,4.0,0.0,0.0,843.0,0.0,0.0,,0.0,,438.0,2525.0,1389.0,0.0,0.0,0.0,3.0,0.0,280.0,0.0,Partidos
208,José Luis García Vayá,es ESP,CC,25-216,26.7,1774.0,83.0,383.0,1056.0,353.0,9.0,1769.0,18.0,10.0,55.6,5.0,27.8,904.0,3973.0,1873.0,20.0,21.0,1.0,12.0,15.0,1060.0,36.0,Partidos
209,Hugo Duro,es ESP,DL,24-125,24.9,677.0,26.0,59.0,310.0,319.0,88.0,677.0,32.0,11.0,34.4,16.0,50.0,400.0,1576.0,611.0,18.0,17.0,9.0,69.0,32.0,490.0,119.0,Partidos
210,Francisco Perez,es ESP,"CC,DL",21-187,19.5,736.0,15.0,125.0,311.0,321.0,36.0,736.0,91.0,35.0,38.5,43.0,47.3,501.0,3255.0,1466.0,51.0,25.0,15.0,57.0,40.0,508.0,128.0,Partidos
211,Cristhian Mosquera,co COL,DF,19-261,23.2,1327.0,172.0,724.0,579.0,33.0,11.0,1327.0,5.0,5.0,100.0,0.0,0.0,773.0,3728.0,1774.0,12.0,5.0,3.0,11.0,4.0,827.0,3.0,Partidos
212,José Luis Gayà,es ESP,DF,28-294,19.0,1202.0,48.0,371.0,540.0,305.0,14.0,1202.0,18.0,8.0,44.4,8.0,44.4,610.0,3228.0,1736.0,37.0,26.0,4.0,14.0,7.0,662.0,89.0,Partidos
213,Diego López,es ESP,"DL,CC",21-306,19.2,746.0,13.0,85.0,333.0,338.0,61.0,746.0,53.0,19.0,35.8,29.0,54.7,434.0,2657.0,1478.0,58.0,45.0,19.0,44.0,17.0,496.0,128.0,Partidos
214,Javier Guerra,es ESP,"CC,DL",21-073,19.4,877.0,41.0,176.0,495.0,222.0,17.0,877.0,58.0,30.0,51.7,25.0,43.1,524.0,3342.0,1578.0,37.0,33.0,6.0,42.0,41.0,577.0,61.0,Partidos
215,Thierry Correia,pt POR,DF,25-005,15.9,1090.0,54.0,404.0,519.0,183.0,12.0,1090.0,32.0,15.0,46.9,13.0,40.6,547.0,2531.0,1277.0,23.0,19.0,5.0,15.0,5.0,565.0,35.0,Partidos
216,Gabriel Paulista,br BRA,DF,33-109,15.5,963.0,137.0,533.0,415.0,18.0,8.0,963.0,1.0,0.0,0.0,1.0,100.0,563.0,2946.0,1619.0,2.0,3.0,0.0,2.0,1.0,615.0,2.0,Partidos
217,Dimitri Foulquier,fr FRA,"DF,CC",30-357,14.3,873.0,34.0,298.0,386.0,194.0,14.0,873.0,31.0,16.0,51.6,11.0,35.5,429.0,2195.0,1209.0,29.0,22.0,4.0,18.0,12.0,457.0,36.0,Partidos
218,Mouctar Diakhaby,gn GUI,"DF,CC",27-086,11.9,683.0,95.0,363.0,294.0,31.0,7.0,683.0,5.0,4.0,80.0,1.0,20.0,388.0,1858.0,866.0,7.0,6.0,0.0,9.0,4.0,414.0,1.0,Partidos
219,Cenk Özkacar,tr TUR,DF,23-160,9.7,599.0,55.0,282.0,285.0,36.0,7.0,599.0,6.0,2.0,33.3,3.0,50.0,320.0,1580.0,934.0,9.0,8.0,0.0,3.0,3.0,358.0,3.0,Partidos
220,Sergi Canós,es ESP,"CC,DL",27-041,8.5,364.0,3.0,56.0,144.0,172.0,26.0,364.0,21.0,8.0,38.1,12.0,57.1,207.0,1131.0,585.0,22.0,8.0,9.0,24.0,8.0,233.0,56.0,Partidos
221,Hugo Guillamón,es ESP,CC,24-043,11.3,564.0,30.0,138.0,352.0,77.0,4.0,564.0,2.0,2.0,100.0,0.0,0.0,302.0,1082.0,476.0,5.0,3.0,0.0,5.0,5.0,369.0,9.0,Partidos
222,Roman Yaremchuk,ua UKR,DL,28-108,7.7,243.0,8.0,17.0,109.0,123.0,24.0,243.0,13.0,5.0,38.5,8.0,61.5,144.0,616.0,224.0,6.0,8.0,2.0,18.0,13.0,176.0,32.0,Partidos
223,Selim Amallah,ma MAR,"DL,CC",27-120,6.5,283.0,7.0,46.0,132.0,110.0,15.0,283.0,41.0,18.0,43.9,15.0,36.6,168.0,929.0,346.0,7.0,13.0,2.0,28.0,15.0,184.0,35.0,Partidos
224,Domingos André Ribeiro Almeida,pt POR,"DL,CC",23-289,5.3,235.0,7.0,31.0,114.0,92.0,8.0,235.0,13.0,7.0,53.8,4.0,30.8,159.0,995.0,432.0,13.0,17.0,3.0,10.0,9.0,182.0,12.0,Partidos
225,Jesus Vazquez,es ESP,"DF,CC",21-072,3.3,158.0,8.0,35.0,45.0,79.0,9.0,158.0,8.0,1.0,12.5,6.0,75.0,76.0,284.0,119.0,2.0,8.0,0.0,7.0,8.0,75.0,14.0,Partidos
226,Yarek Hernandis,es ESP,DF,19-062,3.2,,,,,,,,,,,,,,,,,,,,,,,Partidos
227,Pablo Gozalbez,es ESP,"CC,DL",22-319,1.1,42.0,1.0,9.0,12.0,21.0,3.0,42.0,3.0,0.0,0.0,3.0,100.0,25.0,72.0,22.0,0.0,1.0,1.0,0.0,0.0,29.0,5.0,Partidos
228,Peter González,do DOM,"CC,DL",21-233,1.1,48.0,2.0,6.0,17.0,27.0,2.0,48.0,7.0,4.0,57.1,3.0,42.9,27.0,169.0,48.0,3.0,2.0,0.0,5.0,1.0,24.0,6.0,Partidos
229,Alberto Marí,es ESP,"DL,CC",22-247,0.6,29.0,1.0,4.0,9.0,16.0,4.0,29.0,1.0,1.0,100.0,0.0,0.0,14.0,47.0,30.0,1.0,1.0,1.0,5.0,1.0,15.0,1.0,Partidos
230,Hugo González,es ESP,"CC,DL",21-036,0.6,36.0,0.0,4.0,11.0,21.0,1.0,36.0,1.0,0.0,0.0,0.0,0.0,20.0,85.0,43.0,1.0,1.0,0.0,5.0,1.0,21.0,5.0,Partidos
231,Mario Dominguez,es ESP,DL,20-033,0.3,10.0,0.0,0.0,2.0,8.0,2.0,10.0,0.0,0.0,,0.0,,4.0,9.0,2.0,0.0,0.0,0.0,2.0,0.0,9.0,1.0,Partidos
232,César Tárrega,es ESP,DF,22-017,0.1,7.0,2.0,6.0,1.0,0.0,0.0,7.0,0.0,0.0,,0.0,,3.0,5.0,0.0,0.0,0.0,0.0,0.0,0.0,3.0,0.0,Partidos
233,Total del equipo,,,24.8,27.0,14409.0,1556.0,4994.0,6475.0,3099.0,382.0,14404.0,460.0,201.0,43.7,206.0,44.8,7980.0,40818.0,20137.0,363.0,292.0,84.0,408.0,242.0,8629.0,817.0,
234,Total del oponente,,,27.8,27.0,17676.0,1426.0,5507.0,8208.0,4102.0,546.0,17673.0,536.0,229.0,42.7,240.0,44.8,10082.0,50297.0,25104.0,447.0,337.0,103.0,446.0,242.0,11808.0,1101.0,
235,Álvaro Vallés,es ESP,PO,26-233,28.0,1654.0,996.0,1592.0,64.0,0.0,0.0,1654.0,0.0,0.0,,0.0,,1025.0,4074.0,2635.0,0.0,0.0,0.0,1.0,0.0,1075.0,0.0,Partidos
236,Kirian Rodríguez,es ESP,CC,28-009,25.7,2441.0,52.0,513.0,1533.0,409.0,16.0,2441.0,24.0,19.0,79.2,4.0,16.7,1575.0,6228.0,3268.0,34.0,26.0,0.0,41.0,30.0,1989.0,60.0,Partidos
237,Mika Màrmol,es ESP,DF,21-256,25.5,2185.0,299.0,1180.0,947.0,63.0,8.0,2185.0,25.0,16.0,64.0,7.0,28.0,1231.0,5919.0,3802.0,27.0,18.0,1.0,12.0,6.0,1478.0,7.0,Partidos
238,Munir El Haddadi,ma MAR,DL,28-195,22.9,861.0,11.0,93.0,422.0,354.0,58.0,860.0,54.0,18.0,33.3,31.0,57.4,562.0,2700.0,1014.0,22.0,26.0,7.0,47.0,43.0,661.0,138.0,Partidos
239,Sergi Cardona,es ESP,DF,24-250,25.1,2083.0,122.0,687.0,935.0,474.0,56.0,2083.0,30.0,14.0,46.7,12.0,40.0,976.0,4689.0,2605.0,51.0,40.0,4.0,38.0,11.0,1201.0,130.0,Partidos
240,Javier Muñoz,es ESP,CC,29-015,22.5,1212.0,25.0,182.0,697.0,340.0,36.0,1212.0,28.0,10.0,35.7,16.0,57.1,641.0,2752.0,1084.0,20.0,21.0,2.0,36.0,21.0,919.0,95.0,Partidos
241,Álex Suárez,es ESP,DF,30-362,19.8,1254.0,108.0,473.0,699.0,92.0,10.0,1254.0,8.0,5.0,62.5,1.0,12.5,638.0,2866.0,1445.0,12.0,12.0,0.0,10.0,8.0,813.0,8.0,Partidos
242,Saúl Coco,gq EQG,DF,25-034,18.4,1286.0,147.0,653.0,610.0,25.0,10.0,1286.0,9.0,3.0,33.3,3.0,33.3,748.0,3299.0,1747.0,7.0,5.0,0.0,8.0,6.0,860.0,1.0,Partidos
243,Máximo Perrone,ar ARG,CC,21-067,14.2,1216.0,49.0,396.0,719.0,109.0,4.0,1216.0,19.0,9.0,47.4,8.0,42.1,598.0,2248.0,892.0,10.0,7.0,1.0,19.0,14.0,911.0,15.0,Partidos
244,Enzo Loiodice,fr FRA,CC,23-108,15.3,1039.0,26.0,176.0,604.0,266.0,21.0,1039.0,43.0,21.0,48.8,18.0,41.9,581.0,2487.0,1082.0,19.0,19.0,3.0,29.0,27.0,764.0,59.0,Partidos
245,Sandro Ramírez,es ESP,DL,28-249,13.3,600.0,11.0,48.0,222.0,338.0,55.0,600.0,38.0,15.0,39.5,19.0,50.0,370.0,2150.0,920.0,44.0,18.0,21.0,46.0,15.0,448.0,146.0,Partidos
246,Alberto Moleiro,es ESP,"DL,CC",20-166,11.4,573.0,5.0,71.0,254.0,261.0,32.0,573.0,53.0,28.0,52.8,23.0,43.4,391.0,2297.0,1271.0,46.0,32.0,14.0,37.0,15.0,446.0,115.0,Partidos
247,Julian Araujo,mx MEX,DF,22-214,13.5,835.0,68.0,255.0,440.0,147.0,12.0,835.0,14.0,8.0,57.1,5.0,35.7,389.0,1540.0,758.0,22.0,14.0,3.0,28.0,2.0,452.0,37.0,Partidos
248,Marvin,es ESP,"DL,DF",23-255,13.2,676.0,17.0,118.0,282.0,285.0,38.0,676.0,38.0,17.0,44.7,15.0,39.5,397.0,2381.0,1026.0,39.0,25.0,10.0,36.0,16.0,453.0,125.0,Partidos
249,Jonathan Viera,es ESP,"CC,DL",34-145,6.9,565.0,0.0,40.0,331.0,203.0,22.0,563.0,22.0,10.0,45.5,7.0,31.8,379.0,1818.0,993.0,26.0,21.0,5.0,15.0,9.0,481.0,37.0,Partidos
250,Sory Kaba,gn GUI,DL,28-230,6.6,235.0,7.0,18.0,119.0,103.0,32.0,235.0,20.0,11.0,55.0,9.0,45.0,144.0,554.0,205.0,7.0,6.0,3.0,43.0,10.0,190.0,34.0,Partidos
251,Marc Cardona,es ESP,DL,28-250,6.0,251.0,7.0,28.0,119.0,108.0,29.0,250.0,18.0,8.0,44.4,10.0,55.6,160.0,614.0,240.0,7.0,3.0,2.0,19.0,11.0,190.0,58.0,Partidos
252,Francisco Jesús Crespo García,es ESP,DL,27-229,5.4,289.0,3.0,29.0,114.0,148.0,14.0,289.0,29.0,14.0,48.3,14.0,48.3,185.0,1247.0,496.0,17.0,14.0,4.0,17.0,12.0,212.0,60.0,Partidos
253,Daley Sinkgraven,nl NED,DF,28-254,2.9,224.0,9.0,60.0,136.0,29.0,0.0,224.0,2.0,0.0,0.0,2.0,100.0,114.0,493.0,251.0,3.0,1.0,0.0,3.0,1.0,138.0,5.0,Partidos
254,Juan Herzog,es ESP,DF,20-306,2.2,162.0,20.0,117.0,44.0,1.0,1.0,162.0,1.0,1.0,100.0,0.0,0.0,70.0,223.0,60.0,0.0,0.0,0.0,1.0,0.0,108.0,0.0,Partidos
255,Álvaro Lemos,es ESP,DF,30-350,2.2,169.0,7.0,30.0,106.0,35.0,0.0,169.0,2.0,0.0,0.0,2.0,100.0,96.0,438.0,201.0,6.0,7.0,0.0,2.0,0.0,103.0,7.0,Partidos
256,Cristian Herrera,es ESP,"DL,CC",33-001,1.7,107.0,2.0,16.0,54.0,37.0,3.0,107.0,2.0,1.0,50.0,1.0,50.0,70.0,271.0,117.0,2.0,3.0,0.0,6.0,2.0,84.0,14.0,Partidos
257,José Campaña,es ESP,CC,30-288,1.1,110.0,5.0,37.0,65.0,8.0,0.0,110.0,2.0,1.0,50.0,1.0,50.0,72.0,274.0,77.0,0.0,0.0,0.0,2.0,2.0,77.0,0.0,Partidos
258,Eric Curbelo,es ESP,DF,30-060,1.0,66.0,15.0,49.0,17.0,0.0,0.0,66.0,0.0,0.0,,0.0,,36.0,113.0,51.0,0.0,0.0,0.0,1.0,0.0,36.0,0.0,Partidos
259,Omenuke Mfulu,cd COD,"CC,DL",29-360,0.9,77.0,10.0,30.0,39.0,8.0,0.0,77.0,1.0,1.0,100.0,0.0,0.0,41.0,144.0,70.0,1.0,1.0,0.0,2.0,0.0,50.0,0.0,Partidos
260,Benito Ramírez,es ESP,"DL,CC",28-247,1.9,129.0,2.0,15.0,51.0,65.0,8.0,129.0,3.0,0.0,0.0,3.0,100.0,77.0,336.0,172.0,5.0,2.0,3.0,3.0,2.0,90.0,33.0,Partidos
261,Iñaki González,es ESP,CC,19-231,0.1,7.0,1.0,3.0,3.0,1.0,0.0,7.0,0.0,0.0,,0.0,,2.0,7.0,4.0,0.0,0.0,0.0,0.0,0.0,4.0,0.0,Partidos
262,Fabio González,es ESP,CC,27-031,0.0,7.0,0.0,1.0,3.0,3.0,0.0,7.0,0.0,0.0,,0.0,,5.0,14.0,6.0,0.0,1.0,0.0,0.0,0.0,6.0,0.0,Partidos
263,Total del equipo,,,26.2,28.0,20313.0,2024.0,6910.0,9629.0,3912.0,465.0,20309.0,485.0,230.0,47.4,211.0,43.5,11573.0,52176.0,26492.0,427.0,322.0,83.0,502.0,263.0,14239.0,1184.0,
264,Total del oponente,,,27.9,28.0,14366.0,1559.0,4599.0,6432.0,3495.0,642.0,14360.0,533.0,259.0,48.6,232.0,43.5,7538.0,42031.0,21126.0,438.0,293.0,143.0,417.0,264.0,8327.0,873.0,
265,David García,es ESP,DF,30-029,24.7,1484.0,163.0,634.0,798.0,59.0,23.0,1484.0,4.0,3.0,75.0,1.0,25.0,728.0,3839.0,2418.0,18.0,10.0,0.0,9.0,2.0,846.0,4.0,Partidos
266,Ante Budimir,hr CRO,DL,32-236,23.7,658.0,20.0,49.0,280.0,335.0,131.0,655.0,29.0,9.0,31.0,19.0,65.5,280.0,1119.0,459.0,20.0,12.0,16.0,76.0,26.0,460.0,87.0,Partidos
267,Sergio Herrera,es ESP,PO,30-283,23.9,917.0,685.0,906.0,14.0,0.0,0.0,917.0,0.0,0.0,,0.0,,494.0,3110.0,1782.0,0.0,0.0,0.0,2.0,0.0,386.0,0.0,Partidos
268,Aimar Oroz,es ESP,CC,22-108,23.1,1155.0,16.0,136.0,583.0,460.0,53.0,1154.0,46.0,24.0,52.2,15.0,32.6,690.0,3799.0,1885.0,49.0,44.0,8.0,55.0,37.0,821.0,113.0,Partidos
269,Jesús Areso,es ESP,DF,24-256,20.6,1185.0,57.0,260.0,475.0,466.0,16.0,1185.0,54.0,29.0,53.7,23.0,42.6,506.0,3018.0,1601.0,48.0,39.0,5.0,39.0,13.0,619.0,122.0,Partidos
270,Catena,es ESP,DF,29-138,19.7,1112.0,137.0,551.0,532.0,39.0,19.0,1112.0,5.0,3.0,60.0,2.0,40.0,585.0,2407.0,1150.0,5.0,1.0,0.0,2.0,3.0,649.0,0.0,Partidos
271,Rubén Peña,es ESP,"DF,DL",32-240,16.6,982.0,43.0,239.0,412.0,344.0,28.0,982.0,56.0,27.0,48.2,24.0,42.9,460.0,2752.0,1313.0,44.0,27.0,7.0,33.0,18.0,515.0,107.0,Partidos
272,Moi Gómez,es ESP,"CC,DL",29-265,17.1,1051.0,15.0,118.0,637.0,307.0,23.0,1051.0,23.0,13.0,56.5,9.0,39.1,595.0,3240.0,1389.0,30.0,16.0,3.0,16.0,6.0,758.0,55.0,Partidos
273,Lucas Torró,es ESP,CC,29-239,15.2,744.0,43.0,183.0,417.0,146.0,21.0,744.0,4.0,3.0,75.0,0.0,0.0,307.0,1320.0,386.0,1.0,5.0,1.0,11.0,9.0,400.0,6.0,Partidos
274,Johan Mojica,co COL,"DF,DL",31-206,15.9,1017.0,39.0,238.0,420.0,370.0,23.0,1017.0,31.0,8.0,25.8,21.0,67.7,503.0,2843.0,1281.0,45.0,35.0,9.0,34.0,7.0,582.0,99.0,Partidos
275,Jon Moncayola,es ESP,CC,25-306,14.7,890.0,20.0,176.0,483.0,233.0,8.0,890.0,8.0,5.0,62.5,3.0,37.5,394.0,1579.0,727.0,9.0,6.0,1.0,15.0,8.0,573.0,34.0,Partidos
276,Juan Cruz Armada,es ESP,DF,31-230,14.6,842.0,51.0,254.0,440.0,156.0,5.0,842.0,9.0,2.0,22.2,5.0,55.6,402.0,1936.0,1028.0,11.0,12.0,0.0,8.0,2.0,466.0,22.0,Partidos
277,Iker Muñoz,es ESP,CC,21-130,11.9,726.0,32.0,140.0,471.0,118.0,18.0,726.0,8.0,2.0,25.0,3.0,37.5,365.0,1538.0,658.0,9.0,12.0,0.0,13.0,4.0,442.0,10.0,Partidos
278,Rubén García,es ESP,DL,30-244,10.6,568.0,7.0,77.0,213.0,280.0,21.0,568.0,14.0,7.0,50.0,4.0,28.6,269.0,1106.0,366.0,7.0,14.0,1.0,16.0,14.0,390.0,76.0,Partidos
279,Ezequiel Ávila,ar ARG,"DL,CC",30-037,9.6,474.0,5.0,41.0,183.0,253.0,28.0,474.0,18.0,5.0,27.8,10.0,55.6,236.0,1037.0,429.0,14.0,16.0,5.0,12.0,1.0,314.0,75.0,Partidos
280,Jorge Herrando,es ESP,DF,23-015,8.4,350.0,50.0,188.0,147.0,15.0,5.0,350.0,0.0,0.0,,0.0,,153.0,637.0,330.0,1.0,2.0,0.0,3.0,1.0,187.0,1.0,Partidos
281,Raúl,es ESP,DL,23-132,8.7,283.0,11.0,23.0,117.0,145.0,42.0,283.0,11.0,4.0,36.4,7.0,63.6,136.0,549.0,216.0,7.0,6.0,3.0,25.0,12.0,212.0,50.0,Partidos
282,Pablo Ibáñez,es ESP,CC,25-176,7.8,396.0,8.0,45.0,191.0,166.0,32.0,396.0,18.0,4.0,22.2,13.0,72.2,201.0,1278.0,533.0,18.0,12.0,3.0,12.0,6.0,251.0,32.0,Partidos
283,José Arnaiz,es ESP,"DL,CC",28-334,6.4,273.0,2.0,26.0,96.0,152.0,16.0,273.0,18.0,8.0,44.4,7.0,38.9,159.0,1052.0,498.0,10.0,11.0,3.0,19.0,15.0,178.0,47.0,Partidos
284,Unai García,es ESP,DF,32-040,4.9,207.0,21.0,103.0,93.0,13.0,6.0,207.0,1.0,0.0,0.0,1.0,100.0,80.0,262.0,92.0,0.0,1.0,0.0,3.0,3.0,106.0,0.0,Partidos
285,Aitor Fernández,es ESP,PO,32-316,4.1,143.0,103.0,137.0,6.0,1.0,1.0,143.0,0.0,0.0,,0.0,,76.0,426.0,306.0,0.0,0.0,0.0,0.0,0.0,69.0,0.0,Partidos
286,Kike Barja,es ESP,"DL,CC",26-348,3.4,165.0,5.0,15.0,55.0,98.0,14.0,165.0,22.0,11.0,50.0,8.0,36.4,109.0,712.0,357.0,17.0,8.0,5.0,17.0,7.0,128.0,41.0,Partidos
287,Nacho Vidal,es ESP,"DF,DL",29-050,1.1,62.0,5.0,20.0,21.0,21.0,4.0,62.0,2.0,1.0,50.0,1.0,50.0,25.0,85.0,32.0,0.0,1.0,0.0,1.0,2.0,26.0,4.0,Partidos
288,Darko Brašanac,rs SRB,CC,32-031,0.5,17.0,1.0,1.0,8.0,8.0,1.0,17.0,0.0,0.0,,0.0,,7.0,75.0,50.0,2.0,1.0,0.0,0.0,0.0,13.0,3.0,Partidos
289,Iñigo Arguibide,es ESP,DF,18-330,0.2,8.0,0.0,4.0,3.0,1.0,0.0,8.0,0.0,0.0,,0.0,,1.0,3.0,0.0,0.0,0.0,0.0,1.0,0.0,1.0,0.0,Partidos
290,Total del equipo,,,28.6,28.0,15709.0,1539.0,4564.0,7095.0,4186.0,538.0,15705.0,381.0,168.0,44.1,176.0,46.2,7761.0,39722.0,19286.0,365.0,291.0,70.0,422.0,196.0,9392.0,988.0,
291,Total del oponente,,,27.5,28.0,17121.0,1801.0,5671.0,7864.0,3728.0,533.0,17119.0,440.0,210.0,47.7,172.0,39.1,9566.0,48946.0,25080.0,453.0,354.0,114.0,505.0,216.0,10709.0,1017.0,
292,Filip Jørgensen,dk DEN,PO,21-333,27.0,1044.0,927.0,1043.0,1.0,0.0,0.0,1044.0,1.0,1.0,100.0,0.0,0.0,593.0,3089.0,1790.0,0.0,0.0,0.0,4.0,0.0,491.0,0.0,Partidos
293,Alex Baena,es ESP,"CC,DL",22-238,20.8,1114.0,17.0,151.0,465.0,509.0,74.0,1114.0,39.0,14.0,35.9,22.0,56.4,657.0,3694.0,1841.0,58.0,43.0,17.0,50.0,24.0,793.0,135.0,Partidos
294,Gerard Moreno,es ESP,DL,31-342,21.3,1095.0,31.0,123.0,519.0,465.0,106.0,1093.0,74.0,40.0,54.1,30.0,40.5,661.0,3435.0,1368.0,41.0,35.0,18.0,39.0,46.0,869.0,157.0,Partidos
295,Daniel Parejo,es ESP,CC,34-333,20.9,1505.0,63.0,414.0,864.0,246.0,7.0,1503.0,23.0,13.0,56.5,9.0,39.1,783.0,3202.0,1357.0,8.0,11.0,0.0,13.0,18.0,1084.0,23.0,Partidos
296,Alexander Sørloth,no NOR,DL,28-100,18.6,553.0,31.0,54.0,220.0,283.0,98.0,553.0,57.0,23.0,40.4,33.0,57.9,323.0,2222.0,758.0,32.0,23.0,18.0,73.0,45.0,436.0,103.0,Partidos
297,Raúl Albiol,es ESP,DF,38-192,18.2,1178.0,181.0,687.0,476.0,23.0,13.0,1178.0,0.0,0.0,,0.0,,644.0,3790.0,2209.0,7.0,1.0,0.0,7.0,3.0,795.0,0.0,Partidos
298,Jorge Cuenca,es ESP,DF,24-118,16.6,1073.0,205.0,584.0,443.0,51.0,18.0,1073.0,7.0,4.0,57.1,3.0,42.9,499.0,2589.0,1628.0,7.0,6.0,0.0,6.0,2.0,630.0,7.0,Partidos
299,Étienne Capoue,fr FRA,CC,35-247,14.7,915.0,40.0,227.0,515.0,184.0,20.0,915.0,36.0,19.0,52.8,15.0,41.7,521.0,2467.0,1090.0,19.0,22.0,4.0,29.0,16.0,670.0,25.0,Partidos
300,Alberto Moreno,es ESP,"DF,CC",31-253,13.1,690.0,41.0,216.0,278.0,203.0,19.0,690.0,9.0,5.0,55.6,3.0,33.3,303.0,1623.0,789.0,20.0,12.0,1.0,15.0,3.0,397.0,58.0,Partidos
301,Santi Comesaña,es ESP,CC,27-161,12.5,718.0,35.0,170.0,396.0,159.0,20.0,718.0,18.0,9.0,50.0,9.0,50.0,329.0,1950.0,974.0,15.0,20.0,3.0,15.0,10.0,476.0,28.0,Partidos
302,Alfonso Pedraza,es ESP,DF,27-340,10.6,641.0,38.0,202.0,243.0,203.0,24.0,641.0,25.0,7.0,28.0,17.0,68.0,346.0,2469.0,1243.0,48.0,34.0,9.0,12.0,2.0,379.0,83.0,Partidos
303,Ilias Akhomach,es ESP,"CC,DL",19-333,12.7,560.0,9.0,68.0,207.0,294.0,47.0,560.0,89.0,39.0,43.8,43.0,48.3,359.0,2513.0,1426.0,48.0,31.0,18.0,38.0,26.0,406.0,115.0,Partidos
304,Juan Foyth,ar ARG,DF,26-062,11.8,827.0,69.0,270.0,389.0,175.0,16.0,827.0,27.0,20.0,74.1,6.0,22.2,426.0,2278.0,1192.0,19.0,28.0,3.0,17.0,7.0,494.0,28.0,Partidos
305,Adrià Altimira,es ESP,"DF,CC",22-352,8.6,552.0,38.0,200.0,278.0,82.0,2.0,552.0,16.0,11.0,68.8,4.0,25.0,257.0,1338.0,644.0,10.0,6.0,0.0,7.0,5.0,329.0,15.0,Partidos
306,José Luis Morales,es ESP,"DL,CC",36-235,9.9,276.0,9.0,37.0,119.0,126.0,34.0,276.0,29.0,8.0,27.6,20.0,69.0,167.0,1015.0,561.0,21.0,13.0,13.0,18.0,8.0,195.0,62.0,Partidos
307,Kiko Femenía,es ESP,DF,33-041,9.6,704.0,29.0,243.0,326.0,145.0,5.0,704.0,6.0,3.0,50.0,3.0,50.0,336.0,2127.0,1211.0,29.0,16.0,1.0,11.0,3.0,408.0,30.0,Partidos
308,Aïssa Mandi,dz ALG,DF,32-144,8.6,553.0,95.0,294.0,246.0,16.0,4.0,553.0,0.0,0.0,,0.0,,312.0,1662.0,914.0,4.0,6.0,0.0,1.0,1.0,381.0,3.0,Partidos
309,Yeremi Pino,es ESP,"CC,DL",21-146,5.3,261.0,8.0,57.0,83.0,126.0,22.0,261.0,17.0,9.0,52.9,6.0,35.3,156.0,787.0,333.0,11.0,5.0,8.0,16.0,9.0,166.0,49.0,Partidos
310,Eric Bailly,ci CIV,DF,29-337,6.3,301.0,46.0,187.0,113.0,7.0,2.0,301.0,7.0,6.0,85.7,0.0,0.0,148.0,1033.0,532.0,3.0,2.0,0.0,4.0,1.0,186.0,1.0,Partidos
311,Francis Coquelin,fr FRA,CC,32-306,6.3,314.0,27.0,67.0,185.0,65.0,6.0,314.0,6.0,2.0,33.3,4.0,66.7,127.0,562.0,235.0,2.0,7.0,0.0,6.0,4.0,190.0,11.0,Partidos
312,Matteo Gabbia,it ITA,DF,24-145,5.3,369.0,56.0,201.0,159.0,9.0,2.0,369.0,0.0,0.0,,0.0,,205.0,963.0,555.0,1.0,1.0,0.0,4.0,0.0,244.0,0.0,Partidos
313,Ramón Terrats,es ESP,CC,23-148,6.9,389.0,8.0,53.0,214.0,124.0,10.0,389.0,20.0,9.0,45.0,7.0,35.0,212.0,1200.0,541.0,12.0,10.0,1.0,9.0,11.0,280.0,46.0,Partidos
314,Yerson Mosquera,co COL,DF,22-317,4.2,246.0,44.0,155.0,81.0,10.0,2.0,246.0,0.0,0.0,,0.0,,113.0,672.0,357.0,2.0,3.0,0.0,2.0,1.0,130.0,1.0,Partidos
315,Gonçalo Guedes,pt POR,"DL,CC",27-106,3.8,159.0,1.0,8.0,55.0,97.0,16.0,159.0,5.0,4.0,80.0,1.0,20.0,88.0,561.0,292.0,15.0,4.0,7.0,9.0,3.0,119.0,32.0,Partidos
316,Ben Brereton,cl CHI,"DL,CC",24-331,3.0,109.0,1.0,12.0,35.0,63.0,13.0,109.0,10.0,2.0,20.0,8.0,80.0,75.0,518.0,211.0,6.0,12.0,3.0,5.0,5.0,91.0,35.0,Partidos
317,Carlos Romero,es ESP,DF,22-137,2.7,190.0,14.0,72.0,65.0,53.0,7.0,190.0,6.0,3.0,50.0,3.0,50.0,81.0,509.0,251.0,6.0,3.0,1.0,5.0,2.0,98.0,21.0,Partidos
318,Bertrand Traoré,bf BFA,CC,28-190,1.7,68.0,0.0,7.0,21.0,40.0,3.0,68.0,7.0,2.0,28.6,5.0,71.4,41.0,298.0,173.0,7.0,4.0,1.0,3.0,2.0,50.0,14.0,Partidos
319,Manu Trigueros,es ESP,CC,32-149,2.3,136.0,10.0,33.0,58.0,45.0,5.0,136.0,1.0,0.0,0.0,1.0,100.0,77.0,465.0,124.0,5.0,4.0,2.0,1.0,3.0,98.0,11.0,Partidos
320,Denis Suárez,es ESP,"CC,DL",30-068,1.5,114.0,7.0,21.0,59.0,35.0,5.0,114.0,10.0,5.0,50.0,3.0,30.0,60.0,429.0,269.0,4.0,1.0,1.0,3.0,2.0,79.0,7.0,Partidos
321,Pepe Reina,es ESP,PO,41-196,1.0,37.0,33.0,37.0,0.0,0.0,0.0,37.0,0.0,0.0,,0.0,,28.0,166.0,84.0,0.0,0.0,0.0,0.0,0.0,24.0,0.0,Partidos
322,Stefan Lekovic,rs SRB,DF,20-065,0.3,16.0,5.0,14.0,2.0,0.0,0.0,16.0,0.0,0.0,,0.0,,4.0,6.0,1.0,0.0,0.0,0.0,0.0,0.0,11.0,0.0,Partidos
323,Pascu,es ESP,DL,20-340,0.2,6.0,0.0,0.0,3.0,3.0,0.0,6.0,1.0,1.0,100.0,0.0,0.0,6.0,29.0,1.0,0.0,0.0,0.0,1.0,0.0,5.0,1.0,Partidos
324,Total del equipo,,,28.6,28.0,16713.0,2118.0,5907.0,7118.0,3841.0,600.0,16709.0,546.0,259.0,47.4,255.0,46.7,8937.0,49661.0,24954.0,460.0,363.0,129.0,423.0,262.0,11004.0,1101.0,
325,Total del oponente,,,27.8,28.0,16584.0,1523.0,4835.0,7280.0,4650.0,728.0,16580.0,448.0,215.0,48.0,199.0,44.4,9423.0,50893.0,25976.0,547.0,408.0,132.0,387.0,232.0,10828.0,1176.0,
326,David Soria,es ESP,PO,30-345,28.0,1026.0,795.0,1022.0,4.0,0.0,0.0,1026.0,0.0,0.0,,0.0,,470.0,3022.0,1933.0,0.0,1.0,1.0,4.0,0.0,284.0,0.0,Partidos
327,Nemanja Maksimović,rs SRB,CC,29-048,26.4,1016.0,72.0,242.0,552.0,230.0,48.0,1016.0,10.0,3.0,30.0,6.0,60.0,410.0,1917.0,951.0,15.0,20.0,2.0,14.0,4.0,489.0,20.0,Partidos
328,Borja Mayoral,es ESP,DL,26-344,23.9,775.0,16.0,51.0,377.0,352.0,71.0,771.0,43.0,18.0,41.9,22.0,51.2,481.0,2206.0,912.0,27.0,29.0,11.0,69.0,28.0,588.0,100.0,Partidos
329,Gastón Álvarez,uy URU,DF,23-356,21.7,974.0,102.0,377.0,475.0,131.0,20.0,974.0,15.0,7.0,46.7,8.0,53.3,403.0,1806.0,956.0,10.0,9.0,0.0,21.0,4.0,433.0,22.0,Partidos
330,Djené,tg TOG,"DF,CC",32-074,19.8,931.0,72.0,295.0,518.0,131.0,3.0,931.0,23.0,17.0,73.9,2.0,8.7,450.0,2315.0,1071.0,9.0,14.0,0.0,14.0,12.0,457.0,14.0,Partidos
331,Diego Rico,es ESP,DF,31-020,21.6,1393.0,64.0,359.0,682.0,365.0,4.0,1393.0,29.0,9.0,31.0,18.0,62.1,572.0,2300.0,1071.0,20.0,27.0,0.0,24.0,14.0,618.0,60.0,Partidos
332,Mason Greenwood,eng ENG,"CC,DL",22-165,19.6,870.0,5.0,57.0,374.0,458.0,89.0,868.0,80.0,41.0,51.3,28.0,35.0,599.0,5008.0,2827.0,94.0,48.0,55.0,41.0,32.0,689.0,155.0,Partidos
333,Jaime Mata,es ESP,"DL,CC",35-142,14.1,571.0,23.0,93.0,192.0,289.0,49.0,571.0,9.0,4.0,44.4,5.0,55.6,288.0,1090.0,398.0,15.0,14.0,7.0,36.0,14.0,406.0,109.0,Partidos
334,Luis Milla,es ESP,CC,29-159,15.0,917.0,17.0,102.0,600.0,231.0,7.0,917.0,26.0,10.0,38.5,12.0,46.2,394.0,1867.0,832.0,15.0,16.0,0.0,14.0,9.0,490.0,20.0,Partidos
335,Omar Alderete,py PAR,DF,27-079,14.9,759.0,87.0,343.0,381.0,44.0,22.0,759.0,8.0,4.0,50.0,3.0,37.5,356.0,2059.0,1220.0,11.0,8.0,0.0,6.0,4.0,355.0,5.0,Partidos
336,Damián Suárez,uy URU,DF,35-322,14.4,771.0,27.0,197.0,387.0,195.0,12.0,771.0,21.0,9.0,42.9,10.0,47.6,310.0,1476.0,743.0,20.0,11.0,4.0,19.0,6.0,363.0,47.0,Partidos
337,Juanmi Latasa,es ESP,DL,22-357,13.6,467.0,16.0,25.0,212.0,234.0,82.0,467.0,11.0,5.0,45.5,4.0,36.4,223.0,773.0,202.0,7.0,6.0,3.0,51.0,10.0,362.0,60.0,Partidos
338,Iglesias,es ESP,"DF,DL",25-255,13.4,710.0,49.0,216.0,300.0,202.0,8.0,710.0,11.0,4.0,36.4,7.0,63.6,273.0,1379.0,536.0,14.0,10.0,2.0,9.0,5.0,297.0,44.0,Partidos
339,Domingos Duarte,pt POR,DF,29-004,10.1,453.0,45.0,173.0,264.0,20.0,6.0,453.0,3.0,1.0,33.3,1.0,33.3,211.0,1150.0,728.0,7.0,1.0,0.0,5.0,2.0,236.0,0.0,Partidos
340,Carles Aleñá,es ESP,"CC,DL",26-069,9.5,441.0,13.0,66.0,184.0,192.0,17.0,441.0,22.0,4.0,18.2,16.0,72.7,236.0,983.0,303.0,8.0,13.0,3.0,22.0,17.0,286.0,35.0,Partidos
341,Carmona,es ESP,"CC,DF",22-045,8.3,359.0,12.0,79.0,152.0,135.0,21.0,359.0,15.0,3.0,20.0,10.0,66.7,170.0,1094.0,527.0,15.0,10.0,4.0,20.0,9.0,183.0,31.0,Partidos
342,Stefan Mitrović,rs SRB,DF,33-297,7.8,306.0,39.0,156.0,147.0,5.0,2.0,306.0,4.0,2.0,50.0,1.0,25.0,140.0,780.0,457.0,4.0,0.0,0.0,3.0,0.0,142.0,2.0,Partidos
343,Jordi,es ESP,CC,23-069,5.3,276.0,5.0,37.0,120.0,122.0,14.0,276.0,18.0,6.0,33.3,10.0,55.6,151.0,693.0,286.0,6.0,13.0,2.0,10.0,9.0,168.0,24.0,Partidos
344,Mauro Arambarri,uy URU,CC,28-166,3.8,188.0,9.0,30.0,115.0,44.0,6.0,188.0,6.0,2.0,33.3,4.0,66.7,110.0,548.0,214.0,2.0,6.0,0.0,5.0,5.0,104.0,6.0,Partidos
345,Ilaix Moriba,gn GUI,CC,21-055,2.6,110.0,3.0,11.0,67.0,34.0,6.0,110.0,5.0,3.0,60.0,2.0,40.0,56.0,314.0,109.0,2.0,3.0,1.0,5.0,3.0,63.0,4.0,Partidos
346,Óscar Rodríguez Arnaiz,es ESP,"CC,DL",25-260,4.1,295.0,5.0,23.0,150.0,125.0,11.0,295.0,12.0,5.0,41.7,6.0,50.0,161.0,810.0,401.0,5.0,11.0,1.0,15.0,6.0,211.0,20.0,Partidos
347,Jesús Santiago,es ESP,CC,19-294,1.9,61.0,2.0,8.0,37.0,16.0,1.0,61.0,2.0,0.0,0.0,2.0,100.0,33.0,139.0,57.0,2.0,1.0,0.0,1.0,2.0,37.0,6.0,Partidos
348,Enes Ünal,tr TUR,"DL,CC",26-309,1.6,49.0,2.0,7.0,18.0,25.0,6.0,49.0,4.0,2.0,50.0,1.0,25.0,31.0,149.0,78.0,2.0,2.0,0.0,2.0,1.0,37.0,7.0,Partidos
349,Fabrizio Angileri,ar ARG,"DF,CC",29-365,1.1,78.0,4.0,17.0,37.0,26.0,0.0,78.0,3.0,1.0,33.3,1.0,33.3,35.0,142.0,61.0,1.0,2.0,0.0,1.0,0.0,40.0,5.0,Partidos
350,Portu,es ESP,DL,31-298,1.1,36.0,0.0,5.0,4.0,28.0,4.0,36.0,3.0,0.0,0.0,3.0,100.0,17.0,184.0,97.0,3.0,4.0,0.0,2.0,1.0,23.0,3.0,Partidos
351,Anthony Lozano,hn HON,"CC,DL",30-324,1.0,33.0,2.0,6.0,10.0,17.0,5.0,33.0,4.0,1.0,25.0,3.0,75.0,16.0,65.0,20.0,0.0,0.0,0.0,6.0,2.0,24.0,6.0,Partidos
352,Santiago García,,DL,22-198,0.3,16.0,0.0,1.0,4.0,12.0,0.0,16.0,3.0,0.0,0.0,3.0,100.0,11.0,55.0,29.0,1.0,1.0,0.0,1.0,0.0,6.0,1.0,Partidos
353,Gorka Rivera Alonso,es ESP,DF,19-226,0.0,6.0,0.0,3.0,2.0,1.0,0.0,6.0,0.0,0.0,,0.0,,3.0,6.0,1.0,0.0,0.0,0.0,0.0,0.0,4.0,0.0,Partidos
354,Total del equipo,,,28.3,28.0,13887.0,1486.0,4001.0,6365.0,3664.0,514.0,13881.0,390.0,161.0,41.3,188.0,48.2,6610.0,34330.0,17020.0,315.0,280.0,96.0,420.0,199.0,7395.0,806.0,
355,Total del oponente,,,27.8,28.0,17595.0,1889.0,6296.0,7804.0,3676.0,564.0,17589.0,467.0,209.0,44.8,208.0,44.5,9548.0,49802.0,25354.0,458.0,308.0,112.0,481.0,211.0,11086.0,996.0,
356,Antonio Sivera,es ESP,PO,27-216,28.0,963.0,762.0,940.0,23.0,0.0,0.0,963.0,0.0,0.0,,0.0,,430.0,2801.0,1722.0,0.0,0.0,0.0,2.0,0.0,312.0,0.0,Partidos
357,Ander Guevara,es ESP,CC,26-251,26.4,1452.0,66.0,332.0,866.0,275.0,16.0,1452.0,30.0,17.0,56.7,10.0,33.3,702.0,4126.0,2343.0,52.0,40.0,3.0,23.0,20.0,908.0,32.0,Partidos
358,Luis Rioja,es ESP,"DL,CC",30-150,24.4,995.0,23.0,133.0,341.0,546.0,51.0,992.0,68.0,39.0,57.4,22.0,32.4,543.0,3535.0,1883.0,61.0,45.0,17.0,46.0,18.0,640.0,149.0,Partidos
359,Andoni Gorosabel,es ESP,DF,27-223,25.6,1302.0,75.0,368.0,572.0,373.0,34.0,1302.0,41.0,21.0,51.2,14.0,34.1,526.0,2660.0,1613.0,51.0,30.0,7.0,25.0,18.0,649.0,105.0,Partidos
360,Jon Guridi,es ESP,CC,29-015,22.4,829.0,21.0,125.0,462.0,255.0,59.0,829.0,30.0,11.0,36.7,17.0,56.7,414.0,2152.0,1027.0,22.0,20.0,3.0,30.0,25.0,548.0,74.0,Partidos
361,Rafa Marín,es ESP,DF,21-300,20.2,947.0,155.0,498.0,419.0,37.0,20.0,947.0,4.0,3.0,75.0,1.0,25.0,442.0,2561.0,1633.0,9.0,4.0,0.0,9.0,4.0,485.0,4.0,Partidos
362,Antonio Blanco,es ESP,CC,23-235,19.5,949.0,43.0,245.0,558.0,165.0,11.0,949.0,25.0,14.0,56.0,5.0,20.0,482.0,2159.0,1032.0,16.0,10.0,2.0,16.0,13.0,561.0,17.0,Partidos
363,Abdel Abqar,ma MAR,DF,25-004,18.2,753.0,138.0,412.0,312.0,31.0,17.0,753.0,4.0,3.0,75.0,0.0,0.0,366.0,1904.0,1156.0,5.0,5.0,0.0,9.0,1.0,375.0,0.0,Partidos
364,Javi López,es ESP,DF,22-073,18.8,1024.0,62.0,320.0,416.0,302.0,35.0,1024.0,53.0,33.0,62.3,17.0,32.1,463.0,3075.0,1567.0,47.0,35.0,10.0,26.0,18.0,527.0,91.0,Partidos
365,Samuel Omorodion,es ESP,DL,19-314,17.1,477.0,15.0,31.0,233.0,221.0,91.0,477.0,50.0,18.0,36.0,30.0,60.0,284.0,1403.0,582.0,27.0,14.0,22.0,72.0,30.0,344.0,90.0,Partidos
366,Rubén Duarte,es ESP,DF,28-148,16.0,813.0,70.0,323.0,341.0,156.0,11.0,813.0,5.0,3.0,60.0,1.0,20.0,324.0,1603.0,826.0,14.0,12.0,2.0,9.0,4.0,385.0,30.0,Partidos
367,Alex Sola,es ESP,"DL,CC",24-279,11.7,514.0,10.0,87.0,174.0,265.0,40.0,514.0,66.0,40.0,60.6,23.0,34.8,269.0,1980.0,1059.0,36.0,22.0,11.0,27.0,16.0,311.0,86.0,Partidos
368,Aleksandar Sedlar,rs SRB,DF,32-092,10.5,497.0,76.0,277.0,204.0,18.0,6.0,497.0,3.0,2.0,66.7,0.0,0.0,247.0,1442.0,794.0,6.0,4.0,0.0,3.0,2.0,264.0,1.0,Partidos
369,Kiké,es ESP,"DL,CC",34-110,11.2,376.0,15.0,40.0,145.0,199.0,75.0,375.0,20.0,11.0,55.0,6.0,30.0,235.0,1030.0,354.0,13.0,7.0,9.0,42.0,15.0,296.0,76.0,Partidos
370,Abderrahman Rebbach,dz ALG,"DL,CC",25-216,7.0,298.0,5.0,39.0,86.0,175.0,33.0,298.0,20.0,7.0,35.0,12.0,60.0,154.0,1222.0,668.0,30.0,12.0,16.0,24.0,12.0,171.0,66.0,Partidos
371,Ianis Hagi,ro ROU,"CC,DL",25-144,6.4,306.0,2.0,18.0,115.0,180.0,17.0,305.0,22.0,10.0,45.5,7.0,31.8,172.0,893.0,434.0,13.0,10.0,2.0,9.0,10.0,199.0,47.0,Partidos
372,Carlos Benavídez,uy URU,CC,25-350,7.4,387.0,21.0,109.0,224.0,57.0,4.0,387.0,2.0,1.0,50.0,1.0,50.0,127.0,667.0,328.0,7.0,6.0,1.0,7.0,2.0,167.0,3.0,Partidos
373,Nahuel Tenaglia,ar ARG,DF,28-022,6.2,291.0,50.0,147.0,114.0,33.0,6.0,291.0,4.0,2.0,50.0,1.0,25.0,110.0,747.0,459.0,9.0,5.0,0.0,3.0,1.0,124.0,9.0,Partidos
374,Carlos Vicente,es ESP,"DL,CC",24-326,5.4,228.0,4.0,31.0,83.0,116.0,18.0,228.0,19.0,8.0,42.1,11.0,57.9,98.0,538.0,210.0,9.0,3.0,4.0,17.0,6.0,140.0,35.0,Partidos
375,Xeber,es ESP,"DL,CC",26-262,3.0,124.0,0.0,18.0,33.0,74.0,14.0,124.0,7.0,3.0,42.9,4.0,57.1,60.0,292.0,115.0,5.0,2.0,2.0,7.0,3.0,77.0,27.0,Partidos
376,Miguel,es ESP,"DL,CC",24-193,0.7,22.0,0.0,1.0,12.0,9.0,3.0,22.0,0.0,0.0,,0.0,,9.0,42.0,25.0,1.0,0.0,1.0,2.0,4.0,14.0,3.0,Partidos
377,Giuliano Simeone,ar ARG,DL,21-087,0.8,23.0,0.0,2.0,13.0,11.0,0.0,23.0,4.0,2.0,50.0,1.0,25.0,10.0,134.0,83.0,4.0,2.0,0.0,1.0,0.0,17.0,4.0,Partidos
378,Mamadou Sylla,sn SEN,"DL,CC",29-360,0.2,13.0,1.0,3.0,6.0,4.0,0.0,13.0,1.0,0.0,0.0,1.0,100.0,6.0,25.0,10.0,0.0,0.0,0.0,1.0,1.0,8.0,1.0,Partidos
379,Jon Karrikaburu,es ESP,"CC,DL",21-177,0.2,8.0,0.0,0.0,5.0,3.0,1.0,8.0,0.0,0.0,,0.0,,6.0,20.0,0.0,0.0,0.0,0.0,2.0,0.0,6.0,1.0,Partidos
380,Tomás Mendes,es ESP,CC,19-114,0.1,7.0,0.0,1.0,4.0,2.0,0.0,7.0,0.0,0.0,,0.0,,6.0,20.0,1.0,0.0,1.0,0.0,0.0,1.0,5.0,0.0,Partidos
381,Unai Ropero,es ESP,CC,22-115,0.1,7.0,0.0,1.0,1.0,5.0,1.0,7.0,2.0,0.0,0.0,2.0,100.0,3.0,9.0,6.0,0.0,0.0,0.0,0.0,0.0,3.0,0.0,Partidos
382,Joaquín Panichelli,ar ARG,DL,21-159,0.0,3.0,0.0,0.0,0.0,3.0,0.0,3.0,0.0,0.0,,0.0,,1.0,4.0,0.0,0.0,0.0,0.0,1.0,0.0,2.0,1.0,Partidos
383,Victor Parada,es ESP,"DL,CC",21-345,0.0,2.0,0.0,0.0,2.0,0.0,0.0,2.0,0.0,0.0,,0.0,,1.0,0.0,0.0,0.0,0.0,0.0,1.0,0.0,1.0,0.0,Partidos
384,Total del equipo,,,26.4,28.0,13610.0,1614.0,4501.0,5764.0,3515.0,563.0,13605.0,480.0,248.0,51.7,186.0,38.8,6490.0,37044.0,19930.0,437.0,289.0,112.0,414.0,224.0,7539.0,952.0,
385,Total del oponente,,,28.1,28.0,17941.0,1824.0,5446.0,8374.0,4277.0,572.0,17934.0,500.0,245.0,49.0,203.0,40.6,10100.0,55770.0,29853.0,538.0,389.0,123.0,487.0,201.0,11833.0,1094.0,
386,Lucas Ocampos,ar ARG,"DL,CC",29-247,23.0,1217.0,17.0,143.0,429.0,673.0,104.0,1216.0,97.0,40.0,41.2,44.0,45.4,699.0,4814.0,2215.0,90.0,57.0,31.0,78.0,44.0,854.0,222.0,Partidos
387,Loïc Bade,fr FRA,DF,23-338,18.0,1147.0,127.0,632.0,484.0,41.0,20.0,1147.0,11.0,5.0,45.5,6.0,54.5,573.0,3076.0,1595.0,8.0,5.0,1.0,8.0,2.0,659.0,1.0,Partidos
388,Youssef En-Nesyri,ma MAR,DL,26-287,19.0,379.0,16.0,45.0,159.0,177.0,79.0,379.0,25.0,7.0,28.0,17.0,68.0,179.0,722.0,233.0,9.0,6.0,6.0,39.0,14.0,257.0,58.0,Partidos
389,Sergio Ramos,es ESP,DF,37-350,18.0,1229.0,179.0,655.0,519.0,64.0,19.0,1229.0,8.0,4.0,50.0,2.0,25.0,637.0,3220.0,1628.0,6.0,7.0,3.0,5.0,6.0,773.0,2.0,Partidos
390,Djibril Sow,ch SUI,CC,27-037,16.1,828.0,21.0,152.0,474.0,207.0,33.0,828.0,8.0,5.0,62.5,2.0,25.0,479.0,2526.0,1165.0,25.0,17.0,0.0,22.0,3.0,570.0,44.0,Partidos
391,Jesús Navas,es ESP,DF,38-114,16.0,1065.0,43.0,275.0,447.0,349.0,13.0,1065.0,14.0,8.0,57.1,6.0,42.9,553.0,2819.0,1471.0,35.0,29.0,7.0,17.0,4.0,635.0,105.0,Partidos
392,Boubakary Soumaré,fr FRA,CC,25-016,16.4,1007.0,56.0,294.0,619.0,102.0,3.0,1007.0,20.0,14.0,70.0,4.0,20.0,559.0,2834.0,1380.0,17.0,13.0,1.0,23.0,9.0,719.0,13.0,Partidos
393,Ivan Rakitić,hr CRO,CC,36-004,15.8,1251.0,19.0,169.0,685.0,412.0,23.0,1251.0,20.0,8.0,40.0,9.0,45.0,641.0,2999.0,1588.0,24.0,21.0,1.0,30.0,5.0,797.0,52.0,Partidos
394,Nemanja Gudelj,rs SRB,DF,32-119,15.5,1042.0,79.0,459.0,502.0,83.0,8.0,1042.0,5.0,3.0,60.0,2.0,40.0,574.0,3488.0,2205.0,20.0,21.0,0.0,8.0,3.0,686.0,4.0,Partidos
395,Óliver Torres,es ESP,CC,29-125,14.4,858.0,10.0,141.0,441.0,284.0,25.0,858.0,18.0,9.0,50.0,8.0,44.4,499.0,2239.0,1089.0,37.0,12.0,5.0,19.0,20.0,590.0,95.0,Partidos
396,Ørjan Nyland,no NOR,PO,33-186,14.0,473.0,379.0,470.0,3.0,0.0,0.0,473.0,0.0,0.0,,0.0,,253.0,1483.0,896.0,0.0,0.0,0.0,0.0,0.0,169.0,0.0,Partidos
397,Adrià Pedrosa,es ESP,DF,25-306,16.4,1004.0,48.0,253.0,415.0,349.0,18.0,1004.0,35.0,12.0,34.3,17.0,48.6,492.0,2423.0,1167.0,31.0,34.0,6.0,34.0,22.0,564.0,94.0,Partidos
398,Suso,es ESP,"CC,DL",30-116,13.6,884.0,5.0,86.0,344.0,465.0,25.0,884.0,38.0,23.0,60.5,11.0,28.9,565.0,3184.0,1498.0,38.0,34.0,6.0,31.0,19.0,647.0,96.0,Partidos
399,Marko Dmitrović,rs SRB,PO,32-050,13.0,429.0,363.0,425.0,4.0,0.0,0.0,429.0,1.0,1.0,100.0,0.0,0.0,234.0,1097.0,625.0,0.0,0.0,0.0,0.0,0.0,190.0,0.0,Partidos
400,Kike Salas,es ESP,DF,21-326,10.1,759.0,62.0,330.0,352.0,83.0,21.0,759.0,7.0,0.0,0.0,6.0,85.7,347.0,1391.0,654.0,6.0,3.0,0.0,7.0,5.0,448.0,11.0,Partidos
401,Marcos Acuña,ar ARG,DF,32-138,8.1,587.0,17.0,167.0,291.0,138.0,7.0,587.0,12.0,7.0,58.3,3.0,25.0,299.0,1404.0,828.0,17.0,15.0,3.0,10.0,7.0,341.0,22.0,Partidos
402,Juanlu Sánchez,es ESP,DF,20-212,11.3,811.0,54.0,233.0,313.0,276.0,17.0,811.0,46.0,22.0,47.8,22.0,47.8,388.0,2074.0,1201.0,39.0,19.0,6.0,21.0,4.0,439.0,94.0,Partidos
403,Dodi Lukebakio,be BEL,DL,26-172,8.4,374.0,5.0,23.0,135.0,221.0,47.0,374.0,45.0,24.0,53.3,17.0,37.8,274.0,1843.0,855.0,30.0,22.0,18.0,25.0,15.0,322.0,87.0,Partidos
404,Isaac Bernal,es ESP,DL,23-301,7.7,,,,,,,,,,,,,,,,,,,,,,,Partidos
405,Fernando,br BRA,CC,36-233,5.1,288.0,10.0,74.0,169.0,49.0,5.0,288.0,6.0,4.0,66.7,1.0,16.7,168.0,878.0,429.0,5.0,8.0,1.0,5.0,3.0,186.0,7.0,Partidos
406,Érik Lamela,ar ARG,"DL,CC",32-010,4.2,207.0,2.0,27.0,79.0,107.0,23.0,207.0,13.0,6.0,46.2,7.0,53.8,123.0,637.0,307.0,8.0,7.0,3.0,15.0,9.0,134.0,24.0,Partidos
407,Joan Jordán,es ESP,CC,29-252,3.9,252.0,6.0,41.0,158.0,55.0,2.0,252.0,1.0,1.0,100.0,0.0,0.0,127.0,536.0,226.0,0.0,2.0,0.0,5.0,3.0,156.0,1.0,Partidos
408,Rafa Mir,es ESP,"DL,CC",26-270,4.3,136.0,2.0,11.0,61.0,67.0,20.0,136.0,6.0,2.0,33.3,3.0,50.0,73.0,349.0,147.0,3.0,2.0,3.0,9.0,3.0,93.0,16.0,Partidos
409,Marcão,br BRA,DF,27-283,3.4,217.0,16.0,97.0,114.0,7.0,1.0,217.0,3.0,1.0,33.3,1.0,33.3,124.0,769.0,532.0,3.0,5.0,0.0,3.0,0.0,154.0,0.0,Partidos
410,Mariano,do DOM,DL,30-226,2.4,70.0,2.0,3.0,25.0,42.0,13.0,70.0,2.0,1.0,50.0,1.0,50.0,35.0,289.0,106.0,3.0,3.0,3.0,8.0,5.0,51.0,14.0,Partidos
411,Tanguy Nianzou,fr FRA,DF,21-281,2.3,154.0,16.0,43.0,97.0,16.0,3.0,154.0,2.0,2.0,100.0,0.0,0.0,90.0,438.0,251.0,2.0,3.0,0.0,3.0,2.0,92.0,1.0,Partidos
412,Lucien Agoume,fr FRA,CC,22-034,1.7,89.0,3.0,25.0,44.0,20.0,0.0,89.0,0.0,0.0,,0.0,,33.0,140.0,89.0,0.0,0.0,0.0,0.0,0.0,45.0,0.0,Partidos
413,Hannibal Mejbri,tn TUN,CC,21-053,1.0,54.0,0.0,11.0,20.0,23.0,3.0,54.0,4.0,2.0,50.0,1.0,25.0,27.0,168.0,52.0,0.0,3.0,0.0,4.0,5.0,39.0,6.0,Partidos
414,Yassine Bounou,ma MAR,PO,32-344,1.0,31.0,25.0,30.0,1.0,0.0,0.0,31.0,0.0,0.0,,0.0,,16.0,77.0,64.0,0.0,0.0,0.0,0.0,0.0,16.0,0.0,Partidos
415,Adnan Januzaj,be BEL,"DL,CC",29-038,2.1,119.0,1.0,8.0,56.0,57.0,5.0,119.0,11.0,5.0,45.5,4.0,36.4,79.0,383.0,156.0,1.0,3.0,0.0,10.0,1.0,92.0,17.0,Partidos
416,Diego Iturralde,es ESP,DF,20-333,0.4,17.0,3.0,11.0,6.0,1.0,0.0,17.0,1.0,1.0,100.0,0.0,0.0,6.0,69.0,52.0,1.0,1.0,0.0,0.0,0.0,6.0,0.0,Partidos
417,Alejo Véliz,ar ARG,DL,20-177,0.3,11.0,1.0,2.0,4.0,5.0,1.0,11.0,0.0,0.0,,0.0,,3.0,8.0,0.0,0.0,0.0,0.0,2.0,0.0,6.0,0.0,Partidos
418,Manuel Sebastián,es ESP,CC,19-231,0.2,20.0,1.0,9.0,7.0,4.0,0.0,20.0,0.0,0.0,,0.0,,11.0,68.0,42.0,1.0,1.0,0.0,2.0,0.0,16.0,0.0,Partidos
419,Jesús Corona,mx MEX,"CC,DF",31-068,0.2,17.0,0.0,1.0,8.0,8.0,0.0,17.0,1.0,1.0,100.0,0.0,0.0,13.0,76.0,31.0,0.0,1.0,0.0,1.0,0.0,13.0,4.0,Partidos
420,Federico Gattoni,ar ARG,"DF,DL",25-027,0.1,11.0,1.0,6.0,5.0,0.0,0.0,11.0,0.0,0.0,,0.0,,3.0,15.0,12.0,0.0,0.0,0.0,0.0,0.0,3.0,0.0,Partidos
421,Total del equipo,,,29.4,28.0,17037.0,1589.0,5351.0,7470.0,4385.0,538.0,17036.0,460.0,218.0,47.4,194.0,42.2,9176.0,48536.0,24789.0,459.0,354.0,104.0,444.0,213.0,10762.0,1090.0,
422,Total del oponente,,,27.9,28.0,16442.0,1885.0,5657.0,7103.0,3818.0,577.0,16438.0,516.0,212.0,41.1,250.0,48.4,8332.0,46082.0,24184.0,490.0,351.0,143.0,415.0,266.0,10164.0,1040.0,
423,Predrag Rajković,rs SRB,PO,28-135,28.0,1026.0,841.0,1009.0,18.0,0.0,0.0,1026.0,2.0,2.0,100.0,0.0,0.0,510.0,3055.0,1858.0,0.0,0.0,0.0,0.0,0.0,427.0,0.0,Partidos
424,Dani Rodríguez,es ESP,CC,35-282,22.1,986.0,24.0,147.0,465.0,391.0,33.0,986.0,63.0,25.0,39.7,32.0,50.8,496.0,2979.0,1495.0,40.0,32.0,8.0,44.0,49.0,567.0,75.0,Partidos
425,Martin Valjent,sk SVK,DF,28-094,20.5,993.0,124.0,545.0,390.0,64.0,11.0,993.0,3.0,1.0,33.3,2.0,66.7,483.0,2680.0,1360.0,15.0,11.0,0.0,12.0,1.0,529.0,9.0,Partidos
426,Samu Costa,pt POR,CC,23-108,20.9,1151.0,71.0,309.0,651.0,199.0,27.0,1151.0,23.0,12.0,52.2,8.0,34.8,550.0,2404.0,848.0,14.0,15.0,3.0,36.0,18.0,631.0,23.0,Partidos
427,Giovanni González,uy URU,DF,29-176,20.3,1038.0,60.0,355.0,480.0,211.0,16.0,1038.0,24.0,11.0,45.8,10.0,41.7,443.0,1959.0,1039.0,18.0,10.0,1.0,11.0,10.0,505.0,73.0,Partidos
428,Matija Nastasić,rs SRB,DF,30-352,19.1,893.0,142.0,501.0,365.0,29.0,11.0,893.0,0.0,0.0,,0.0,,396.0,1868.0,976.0,6.0,3.0,0.0,3.0,0.0,466.0,2.0,Partidos
429,Vedat Muriqi,xk KVX,DL,29-325,17.7,660.0,24.0,54.0,344.0,267.0,80.0,657.0,15.0,8.0,53.3,7.0,46.7,321.0,1404.0,435.0,17.0,10.0,8.0,60.0,16.0,510.0,81.0,Partidos
430,Antonio Sánchez,es ESP,CC,27-073,12.7,586.0,16.0,134.0,271.0,194.0,31.0,586.0,20.0,12.0,60.0,8.0,40.0,330.0,2022.0,853.0,29.0,21.0,5.0,35.0,19.0,344.0,50.0,Partidos
431,Sergi Darder,es ESP,CC,30-083,18.1,900.0,7.0,106.0,520.0,300.0,20.0,900.0,47.0,24.0,51.1,16.0,34.0,532.0,3386.0,1713.0,39.0,40.0,0.0,38.0,17.0,562.0,54.0,Partidos
432,Antonio Raillo,es ESP,DF,32-158,15.4,819.0,115.0,439.0,341.0,44.0,25.0,819.0,1.0,0.0,0.0,1.0,100.0,371.0,2280.0,1345.0,11.0,3.0,1.0,5.0,1.0,413.0,1.0,Partidos
433,Cyle Larin,ca CAN,DL,28-332,15.5,428.0,21.0,37.0,167.0,232.0,94.0,428.0,31.0,13.0,41.9,16.0,51.6,236.0,1303.0,485.0,17.0,10.0,17.0,44.0,25.0,309.0,75.0,Partidos
434,Jaume Costa,es ESP,DF,35-362,13.9,751.0,34.0,218.0,324.0,214.0,13.0,751.0,16.0,7.0,43.8,6.0,37.5,338.0,1697.0,969.0,24.0,19.0,2.0,11.0,5.0,376.0,66.0,Partidos
435,Pablo Maffeo,es ESP,DF,26-246,12.5,595.0,29.0,146.0,248.0,213.0,21.0,595.0,31.0,15.0,48.4,10.0,32.3,298.0,1922.0,935.0,32.0,29.0,9.0,30.0,12.0,312.0,48.0,Partidos
436,Toni Lato,es ESP,DF,26-114,12.9,670.0,31.0,175.0,277.0,225.0,14.0,670.0,14.0,7.0,50.0,4.0,28.6,312.0,1368.0,668.0,24.0,16.0,7.0,13.0,5.0,351.0,86.0,Partidos
437,Manu Morlanes,es ESP,CC,25-062,12.7,659.0,25.0,121.0,400.0,147.0,17.0,659.0,18.0,16.0,88.9,2.0,11.1,358.0,1903.0,914.0,17.0,17.0,3.0,14.0,12.0,413.0,21.0,Partidos
438,Omar Mascarell,es ESP,CC,31-041,11.7,615.0,39.0,170.0,396.0,55.0,4.0,615.0,6.0,5.0,83.3,1.0,16.7,279.0,1454.0,569.0,9.0,5.0,0.0,4.0,5.0,332.0,3.0,Partidos
439,Copete,es ESP,DF,24-156,10.4,479.0,51.0,214.0,249.0,24.0,7.0,479.0,7.0,4.0,57.1,2.0,28.6,224.0,1197.0,683.0,2.0,4.0,0.0,7.0,3.0,247.0,1.0,Partidos
440,Abdón Prats,es ESP,DL,31-098,10.4,287.0,11.0,26.0,135.0,134.0,28.0,287.0,10.0,7.0,70.0,3.0,30.0,144.0,567.0,182.0,6.0,6.0,2.0,35.0,9.0,205.0,37.0,Partidos
441,Siebe Van Der Heyden,be BEL,DF,25-289,3.2,138.0,17.0,70.0,59.0,9.0,3.0,138.0,0.0,0.0,,0.0,,54.0,246.0,112.0,1.0,2.0,0.0,0.0,0.0,60.0,1.0,Partidos
442,Amath,sn SEN,"DL,CC",27-242,4.4,198.0,6.0,32.0,79.0,90.0,21.0,198.0,25.0,8.0,32.0,15.0,60.0,119.0,830.0,478.0,19.0,8.0,9.0,22.0,8.0,130.0,30.0,Partidos
443,Nacho Vidal,es ESP,DF,29-050,1.9,109.0,7.0,25.0,44.0,40.0,4.0,109.0,4.0,1.0,25.0,2.0,50.0,52.0,207.0,93.0,3.0,2.0,2.0,2.0,1.0,67.0,18.0,Partidos
444,Nemanja Radonjić,rs SRB,CC,28-028,0.9,50.0,0.0,4.0,16.0,31.0,8.0,50.0,8.0,5.0,62.5,3.0,37.5,33.0,270.0,202.0,9.0,3.0,6.0,7.0,1.0,42.0,14.0,Partidos
445,Javier Llabrés,es ESP,"CC,DL",21-185,1.9,103.0,3.0,11.0,37.0,57.0,9.0,103.0,5.0,4.0,80.0,1.0,20.0,47.0,268.0,123.0,5.0,3.0,1.0,10.0,5.0,60.0,20.0,Partidos
446,Total del equipo,,,29.2,28.0,14134.0,1698.0,4848.0,6276.0,3170.0,497.0,14131.0,373.0,187.0,50.1,149.0,39.9,6926.0,37269.0,18335.0,357.0,269.0,84.0,443.0,222.0,7858.0,788.0,
447,Total del oponente,,,27.6,28.0,17538.0,1493.0,4638.0,8466.0,4601.0,572.0,17533.0,563.0,254.0,45.1,260.0,46.2,10108.0,54513.0,28798.0,544.0,468.0,128.0,465.0,261.0,11329.0,1080.0,
448,Stole Dimitrievski,mk MKD,PO,30-080,28.0,985.0,820.0,975.0,10.0,0.0,0.0,985.0,1.0,1.0,100.0,0.0,0.0,487.0,2875.0,1820.0,0.0,0.0,0.0,0.0,0.0,379.0,0.0,Partidos
449,Florian Lejeune,fr FRA,DF,32-299,28.0,1819.0,263.0,1035.0,702.0,92.0,30.0,1819.0,4.0,3.0,75.0,0.0,0.0,987.0,4408.0,2272.0,8.0,3.0,0.0,10.0,3.0,1176.0,4.0,Partidos
450,Alfonso Espino,uy URU,DF,32-069,24.1,1558.0,72.0,528.0,722.0,331.0,25.0,1558.0,45.0,23.0,51.1,22.0,48.9,651.0,3142.0,1704.0,35.0,24.0,8.0,37.0,16.0,813.0,81.0,Partidos
451,Isaac Palazón Camacho,es ESP,"CC,DL",29-078,23.2,1231.0,35.0,170.0,566.0,512.0,38.0,1229.0,64.0,25.0,39.1,34.0,53.1,663.0,3421.0,1188.0,25.0,42.0,3.0,69.0,50.0,824.0,121.0,Partidos
452,Iván Balliu,al ALB,DF,32-073,24.0,1311.0,60.0,360.0,619.0,340.0,30.0,1311.0,14.0,5.0,35.7,6.0,42.9,527.0,2677.0,1358.0,37.0,21.0,4.0,21.0,8.0,658.0,74.0,Partidos
453,Óscar Valentín,es ESP,CC,29-207,23.0,1231.0,69.0,309.0,807.0,123.0,16.0,1231.0,10.0,5.0,50.0,4.0,40.0,564.0,3135.0,1546.0,20.0,19.0,1.0,21.0,7.0,696.0,9.0,Partidos
454,Álvaro García,es ESP,"DL,CC",31-139,21.9,865.0,27.0,166.0,272.0,435.0,74.0,865.0,16.0,6.0,37.5,9.0,56.3,431.0,2074.0,881.0,42.0,17.0,15.0,42.0,7.0,538.0,197.0,Partidos
455,Unai López,es ESP,CC,28-136,16.9,1175.0,27.0,250.0,700.0,235.0,12.0,1175.0,31.0,17.0,54.8,14.0,45.2,618.0,2880.0,1279.0,18.0,13.0,2.0,19.0,18.0,780.0,39.0,Partidos
456,Aridane Hernández,es ESP,DF,34-357,17.8,892.0,150.0,543.0,335.0,17.0,9.0,892.0,3.0,1.0,33.3,0.0,0.0,411.0,1903.0,794.0,0.0,2.0,0.0,8.0,0.0,497.0,0.0,Partidos
457,Raúl de Tomás,es ESP,DL,29-149,12.6,391.0,12.0,33.0,203.0,158.0,49.0,390.0,40.0,19.0,47.5,16.0,40.0,233.0,1075.0,344.0,10.0,4.0,4.0,38.0,24.0,306.0,63.0,Partidos
458,Sergio Camello,es ESP,DL,23-033,12.5,396.0,13.0,32.0,188.0,182.0,38.0,396.0,29.0,10.0,34.5,17.0,58.6,226.0,1071.0,394.0,14.0,13.0,8.0,37.0,20.0,295.0,62.0,Partidos
459,Óscar Trejo,ar ARG,"DL,CC",35-323,11.2,727.0,14.0,65.0,399.0,278.0,33.0,727.0,67.0,23.0,34.3,37.0,55.2,386.0,1850.0,730.0,17.0,17.0,7.0,35.0,45.0,549.0,53.0,Partidos
460,Pathé Ciss,sn SEN,CC,29-364,13.4,802.0,45.0,218.0,503.0,88.0,25.0,802.0,19.0,15.0,78.9,3.0,15.8,416.0,1948.0,858.0,9.0,7.0,2.0,13.0,12.0,453.0,20.0,Partidos
461,Abdul Mumin,gh GHA,DF,25-282,9.8,508.0,76.0,312.0,188.0,9.0,4.0,508.0,2.0,0.0,0.0,1.0,50.0,269.0,1301.0,578.0,5.0,2.0,0.0,4.0,2.0,309.0,2.0,Partidos
462,Kike Pérez,es ESP,"CC,DL",27-029,9.1,487.0,13.0,72.0,272.0,148.0,15.0,487.0,29.0,6.0,20.7,19.0,65.5,284.0,1720.0,836.0,15.0,10.0,3.0,28.0,16.0,333.0,41.0,Partidos
463,Jorge de Frutos,es ESP,"CC,DL",27-023,9.7,388.0,9.0,55.0,168.0,177.0,23.0,388.0,31.0,8.0,25.8,16.0,51.6,219.0,1398.0,738.0,23.0,15.0,5.0,22.0,7.0,257.0,85.0,Partidos
464,Pep Chavarría,es ESP,"DF,CC",25-339,6.4,440.0,17.0,124.0,195.0,124.0,8.0,440.0,15.0,6.0,40.0,3.0,20.0,246.0,1597.0,752.0,15.0,17.0,3.0,14.0,5.0,294.0,40.0,Partidos
465,Andrei Ratiu,ro ROU,DF,25-268,3.6,202.0,13.0,69.0,93.0,42.0,7.0,202.0,15.0,7.0,46.7,7.0,46.7,82.0,655.0,362.0,14.0,10.0,5.0,7.0,4.0,94.0,11.0,Partidos
466,Randy Ntekja,fr FRA,"DL,CC",26-099,5.2,216.0,9.0,26.0,94.0,98.0,22.0,215.0,15.0,7.0,46.7,6.0,40.0,115.0,559.0,274.0,9.0,5.0,3.0,14.0,13.0,147.0,22.0,Partidos
467,Crespo,pt POR,CC,27-185,2.6,172.0,8.0,28.0,109.0,37.0,3.0,172.0,9.0,8.0,88.9,1.0,11.1,90.0,522.0,331.0,8.0,5.0,0.0,11.0,9.0,123.0,11.0,Partidos
468,Radamel Falcao,co COL,"DL,DF",38-033,2.6,101.0,3.0,9.0,43.0,51.0,12.0,100.0,6.0,2.0,33.3,3.0,50.0,55.0,189.0,65.0,2.0,3.0,2.0,7.0,7.0,72.0,14.0,Partidos
469,Bebé,cv CPV,"CC,DL",33-246,1.6,105.0,2.0,8.0,39.0,64.0,3.0,104.0,17.0,9.0,52.9,7.0,41.2,64.0,596.0,243.0,11.0,8.0,2.0,7.0,2.0,73.0,16.0,Partidos
470,Salvi,es ESP,CC,32-350,0.3,14.0,0.0,1.0,9.0,4.0,0.0,14.0,1.0,1.0,100.0,0.0,0.0,14.0,102.0,47.0,2.0,2.0,0.0,0.0,2.0,13.0,2.0,Partidos
471,José Pozo,es ESP,"CC,DL",27-365,0.1,10.0,0.0,2.0,5.0,3.0,0.0,10.0,0.0,0.0,,0.0,,7.0,28.0,10.0,0.0,0.0,0.0,2.0,0.0,8.0,2.0,Partidos
472,Diego Méndez,es ESP,CC,20-198,0.1,3.0,0.0,1.0,2.0,0.0,0.0,3.0,0.0,0.0,,0.0,,1.0,12.0,10.0,1.0,0.0,0.0,0.0,0.0,0.0,0.0,Partidos
473,Total del equipo,,,30.3,28.0,16029.0,1757.0,5391.0,7243.0,3548.0,476.0,16023.0,483.0,207.0,42.9,225.0,46.6,8046.0,41138.0,19414.0,340.0,259.0,77.0,466.0,277.0,9687.0,969.0,
474,Total del oponente,,,27.7,28.0,16281.0,1703.0,5337.0,7326.0,3784.0,593.0,16279.0,479.0,244.0,50.9,189.0,39.5,8479.0,47753.0,26052.0,501.0,346.0,119.0,460.0,246.0,9978.0,1019.0,
475,Jørgen Strand Larsen,no NOR,DL,24-037,24.7,771.0,14.0,61.0,361.0,363.0,127.0,771.0,67.0,28.0,41.8,33.0,49.3,486.0,2105.0,805.0,28.0,22.0,22.0,91.0,41.0,610.0,132.0,Partidos
476,Unai Núñez,es ESP,DF,27-044,27.5,1751.0,242.0,909.0,768.0,85.0,34.0,1751.0,9.0,8.0,88.9,1.0,11.1,921.0,4596.0,2453.0,10.0,9.0,2.0,24.0,2.0,948.0,2.0,Partidos
477,Óscar Mingueza,es ESP,"DF,CC",24-306,23.8,1452.0,44.0,358.0,621.0,488.0,29.0,1452.0,51.0,20.0,39.2,24.0,47.1,780.0,4043.0,2252.0,54.0,52.0,6.0,20.0,18.0,895.0,90.0,Partidos
478,Iago Aspas,es ESP,DL,36-226,20.9,1041.0,7.0,62.0,427.0,561.0,89.0,1038.0,33.0,21.0,63.6,8.0,24.2,632.0,3196.0,1543.0,51.0,39.0,15.0,37.0,23.0,724.0,126.0,Partidos
479,Luca de la Torre,us USA,CC,25-296,20.1,871.0,20.0,134.0,418.0,335.0,60.0,871.0,29.0,9.0,31.0,18.0,62.1,545.0,3338.0,1721.0,50.0,34.0,12.0,34.0,23.0,602.0,77.0,Partidos
480,Carl Starfelt,se SWE,DF,28-287,19.9,1032.0,207.0,656.0,352.0,28.0,17.0,1032.0,1.0,0.0,0.0,1.0,100.0,458.0,1885.0,850.0,5.0,2.0,1.0,3.0,0.0,504.0,1.0,Partidos
481,Fran Beltrán,es ESP,CC,25-040,17.9,965.0,29.0,213.0,592.0,169.0,7.0,965.0,13.0,7.0,53.8,6.0,46.2,538.0,2548.0,1208.0,19.0,16.0,1.0,18.0,11.0,594.0,19.0,Partidos
482,Jonathan Bamba,ci CIV,"CC,DL",27-354,17.3,811.0,10.0,96.0,347.0,391.0,73.0,811.0,84.0,37.0,44.0,39.0,46.4,582.0,3984.0,2464.0,93.0,41.0,27.0,37.0,19.0,616.0,141.0,Partidos
483,Vicente Guaita,es ESP,PO,37-064,18.7,596.0,524.0,595.0,1.0,0.0,0.0,596.0,0.0,0.0,,0.0,,300.0,1527.0,915.0,0.0,0.0,0.0,1.0,0.0,220.0,0.0,Partidos
484,Manu Sánchez,es ESP,DF,23-203,17.6,994.0,59.0,298.0,428.0,279.0,20.0,994.0,26.0,10.0,38.5,15.0,57.7,449.0,2590.0,1319.0,35.0,23.0,5.0,23.0,10.0,464.0,57.0,Partidos
485,Renato Tapia,pe PER,"CC,DF",28-230,13.6,841.0,60.0,278.0,448.0,127.0,12.0,841.0,37.0,27.0,73.0,8.0,21.6,411.0,2035.0,885.0,8.0,12.0,0.0,19.0,10.0,455.0,13.0,Partidos
486,Carlos Dominguez,es ESP,DF,23-032,11.2,598.0,66.0,277.0,287.0,39.0,6.0,598.0,2.0,2.0,100.0,0.0,0.0,285.0,1370.0,647.0,7.0,9.0,1.0,11.0,2.0,308.0,1.0,Partidos
487,Iván Villar,es ESP,PO,26-249,9.3,285.0,256.0,285.0,0.0,0.0,0.0,285.0,0.0,0.0,,0.0,,142.0,729.0,472.0,0.0,0.0,0.0,0.0,0.0,95.0,0.0,Partidos
488,Mihailo Ristić,rs SRB,"DF,CC",28-135,8.5,575.0,29.0,147.0,245.0,188.0,8.0,575.0,22.0,6.0,27.3,11.0,50.0,290.0,1688.0,866.0,22.0,18.0,3.0,14.0,7.0,295.0,40.0,Partidos
489,Kevin Vázquez,es ESP,DF,30-357,7.0,397.0,26.0,111.0,219.0,69.0,3.0,397.0,9.0,3.0,33.3,4.0,44.4,165.0,735.0,279.0,5.0,6.0,0.0,6.0,1.0,194.0,19.0,Partidos
490,Carlos Dotor,es ESP,CC,22-365,7.7,401.0,14.0,84.0,229.0,93.0,8.0,401.0,3.0,3.0,100.0,0.0,0.0,193.0,826.0,329.0,3.0,6.0,0.0,13.0,9.0,272.0,12.0,Partidos
491,Anastasios Douvikas,gr GRE,DL,24-225,7.5,219.0,8.0,23.0,97.0,100.0,34.0,219.0,17.0,7.0,41.2,9.0,52.9,126.0,651.0,225.0,7.0,3.0,3.0,29.0,13.0,160.0,37.0,Partidos
492,Franco Cervi,ar ARG,"CC,DF",29-293,5.3,303.0,5.0,81.0,139.0,87.0,7.0,303.0,6.0,0.0,0.0,5.0,83.3,157.0,811.0,423.0,12.0,7.0,1.0,9.0,3.0,164.0,26.0,Partidos
493,Javier Manquillo,es ESP,"DF,CC",29-314,4.6,241.0,16.0,71.0,122.0,50.0,5.0,241.0,6.0,3.0,50.0,3.0,50.0,111.0,443.0,202.0,5.0,5.0,2.0,12.0,3.0,122.0,12.0,Partidos
494,Carles Pérez,es ESP,"CC,DL",26-027,4.9,201.0,3.0,20.0,69.0,117.0,11.0,201.0,18.0,8.0,44.4,7.0,38.9,134.0,905.0,446.0,16.0,16.0,2.0,13.0,13.0,147.0,35.0,Partidos
495,Joseph Aidoo,gh GHA,DF,28-167,4.5,240.0,34.0,132.0,107.0,6.0,2.0,240.0,2.0,2.0,100.0,0.0,0.0,133.0,630.0,322.0,2.0,0.0,0.0,1.0,2.0,137.0,0.0,Partidos
496,Hugo Sotelo,es ESP,CC,20-086,3.7,306.0,5.0,35.0,154.0,118.0,4.0,306.0,2.0,1.0,50.0,1.0,50.0,197.0,882.0,456.0,11.0,10.0,2.0,2.0,7.0,229.0,7.0,Partidos
497,Jailson Siqueira,br BRA,"CC,DF",28-189,3.4,156.0,13.0,60.0,87.0,14.0,0.0,156.0,8.0,5.0,62.5,3.0,37.5,75.0,422.0,196.0,3.0,2.0,0.0,4.0,7.0,64.0,1.0,Partidos
498,Tadeo Allende,ar ARG,"CC,DL",25-023,2.8,107.0,2.0,17.0,53.0,39.0,6.0,107.0,6.0,2.0,33.3,3.0,50.0,61.0,462.0,175.0,7.0,3.0,1.0,6.0,7.0,72.0,15.0,Partidos
499,Miguel Rodríguez,es ESP,CC,20-320,2.1,106.0,1.0,9.0,38.0,62.0,4.0,106.0,12.0,3.0,25.0,8.0,66.7,75.0,512.0,274.0,11.0,9.0,2.0,1.0,3.0,74.0,24.0,Partidos
500,Williot Swedberg,se SWE,"CC,DL",20-042,1.5,63.0,1.0,9.0,26.0,29.0,9.0,63.0,7.0,5.0,71.4,1.0,14.3,35.0,173.0,67.0,3.0,0.0,3.0,6.0,2.0,35.0,7.0,Partidos
501,Hugo Álvarez,es ESP,CC,20-256,0.4,44.0,1.0,5.0,19.0,22.0,2.0,44.0,3.0,2.0,66.7,1.0,33.3,23.0,128.0,81.0,1.0,2.0,0.0,1.0,1.0,27.0,8.0,Partidos
502,Gabriel Veiga,es ESP,DL,21-292,0.2,7.0,0.0,0.0,4.0,3.0,0.0,7.0,1.0,0.0,0.0,1.0,100.0,6.0,23.0,4.0,0.0,0.0,0.0,1.0,1.0,7.0,1.0,Partidos
503,Total del equipo,,,27.5,28.0,15374.0,1696.0,5026.0,6658.0,3862.0,577.0,15371.0,474.0,219.0,46.2,210.0,44.3,8310.0,43237.0,21879.0,468.0,346.0,111.0,436.0,238.0,9034.0,903.0,
504,Total del oponente,,,27.8,28.0,19020.0,1717.0,5237.0,9547.0,4393.0,633.0,19014.0,538.0,260.0,48.3,227.0,42.2,10949.0,57365.0,29049.0,501.0,370.0,114.0,451.0,233.0,12647.0,1162.0,
505,Rubén Alcaraz,es ESP,CC,32-318,24.8,1344.0,74.0,340.0,822.0,196.0,18.0,1343.0,15.0,6.0,40.0,7.0,46.7,642.0,2902.0,1204.0,16.0,17.0,0.0,19.0,18.0,748.0,26.0,Partidos
506,Jeremías Ledesma,ar ARG,PO,31-030,24.9,952.0,748.0,942.0,12.0,0.0,0.0,952.0,1.0,1.0,100.0,0.0,0.0,500.0,3448.0,2427.0,0.0,0.0,0.0,1.0,0.0,311.0,0.0,Partidos
507,Isaac Carcelen,es ESP,DF,30-326,23.3,1144.0,88.0,362.0,516.0,270.0,6.0,1144.0,18.0,11.0,61.1,7.0,38.9,431.0,2086.0,967.0,21.0,21.0,0.0,17.0,13.0,521.0,48.0,Partidos
508,Chris Ramos,es ESP,"DL,CC",27-056,22.0,702.0,43.0,87.0,263.0,357.0,104.0,702.0,56.0,14.0,25.0,35.0,62.5,331.0,1494.0,525.0,22.0,19.0,15.0,75.0,42.0,498.0,75.0,Partidos
509,Fali,es ESP,DF,30-215,21.6,918.0,143.0,463.0,420.0,40.0,15.0,918.0,5.0,3.0,60.0,1.0,20.0,422.0,2160.0,1308.0,14.0,7.0,0.0,6.0,1.0,479.0,8.0,Partidos
510,Javi Hernández,es ESP,DF,25-317,19.5,1003.0,77.0,319.0,452.0,248.0,15.0,1003.0,24.0,10.0,41.7,12.0,50.0,413.0,2451.0,1305.0,21.0,25.0,4.0,21.0,11.0,464.0,31.0,Partidos
511,Iván Alejo,es ESP,CC,29-033,17.4,623.0,26.0,126.0,218.0,292.0,19.0,623.0,55.0,20.0,36.4,30.0,54.5,353.0,2534.0,1157.0,40.0,34.0,1.0,51.0,26.0,375.0,94.0,Partidos
512,Roberto Navarro,es ESP,CC,21-337,12.2,575.0,9.0,83.0,225.0,285.0,24.0,575.0,71.0,31.0,43.7,34.0,47.9,344.0,2602.0,1364.0,48.0,39.0,5.0,43.0,17.0,349.0,65.0,Partidos
513,Roger Martí,es ESP,DL,33-071,11.6,351.0,6.0,30.0,185.0,144.0,42.0,351.0,4.0,1.0,25.0,2.0,50.0,212.0,832.0,308.0,6.0,12.0,1.0,37.0,14.0,243.0,45.0,Partidos
514,Gonzalo Escalante,ar ARG,CC,30-353,13.7,628.0,42.0,162.0,377.0,93.0,11.0,628.0,5.0,2.0,40.0,3.0,60.0,244.0,959.0,389.0,2.0,6.0,0.0,13.0,8.0,337.0,7.0,Partidos
515,Víctor Chust,es ESP,DF,24-009,12.0,705.0,83.0,386.0,311.0,9.0,4.0,705.0,2.0,1.0,50.0,1.0,50.0,393.0,2155.0,883.0,4.0,1.0,0.0,3.0,0.0,431.0,1.0,Partidos
516,Lucas,br BRA,DF,22-356,13.9,796.0,47.0,255.0,336.0,211.0,10.0,796.0,24.0,11.0,45.8,10.0,41.7,359.0,1854.0,765.0,22.0,15.0,2.0,15.0,14.0,374.0,45.0,Partidos
517,Rubén Sobrino,es ESP,"CC,DL",31-287,12.3,558.0,19.0,122.0,246.0,196.0,22.0,558.0,28.0,11.0,39.3,15.0,53.6,297.0,1483.0,590.0,15.0,18.0,2.0,30.0,18.0,331.0,55.0,Partidos
518,Maxi Gómez,uy URU,DL,27-213,10.6,282.0,5.0,23.0,120.0,141.0,38.0,282.0,10.0,4.0,40.0,4.0,40.0,157.0,704.0,215.0,13.0,8.0,2.0,23.0,14.0,224.0,44.0,Partidos
519,Darwin Machís,ve VEN,CC,31-036,8.3,369.0,6.0,49.0,152.0,171.0,16.0,368.0,15.0,6.0,40.0,7.0,46.7,205.0,1352.0,541.0,20.0,17.0,5.0,20.0,10.0,212.0,52.0,Partidos
520,Álex Fernández,es ESP,"CC,DL",31-151,10.0,522.0,41.0,152.0,286.0,87.0,4.0,522.0,5.0,3.0,60.0,1.0,20.0,245.0,1030.0,493.0,4.0,14.0,0.0,7.0,8.0,303.0,13.0,Partidos
521,Luis Hernández,es ESP,DF,34-335,8.0,411.0,34.0,178.0,167.0,69.0,1.0,411.0,0.0,0.0,,0.0,,172.0,830.0,559.0,2.0,3.0,0.0,0.0,0.0,217.0,1.0,Partidos
522,Jorge Meré,es ESP,DF,26-332,7.5,298.0,42.0,148.0,143.0,9.0,3.0,298.0,1.0,1.0,100.0,0.0,0.0,115.0,423.0,237.0,2.0,2.0,0.0,0.0,1.0,137.0,0.0,Partidos
523,Rominigue Kouamé,ml MLI,CC,27-088,7.6,403.0,14.0,95.0,265.0,48.0,1.0,403.0,9.0,6.0,66.7,1.0,11.1,206.0,1322.0,555.0,13.0,4.0,1.0,8.0,1.0,225.0,5.0,Partidos
524,Juanmi,es ESP,DL,30-299,4.2,155.0,1.0,8.0,81.0,68.0,11.0,155.0,11.0,4.0,36.4,6.0,54.5,92.0,414.0,79.0,1.0,3.0,1.0,13.0,4.0,104.0,22.0,Partidos
525,Joseba Zaldúa,es ESP,"DF,CC",31-264,3.6,134.0,15.0,58.0,40.0,36.0,1.0,134.0,1.0,0.0,0.0,0.0,0.0,49.0,227.0,115.0,2.0,2.0,0.0,5.0,2.0,49.0,12.0,Partidos
526,David Gil,es ESP,PO,30-063,3.1,121.0,93.0,119.0,2.0,0.0,0.0,121.0,0.0,0.0,,0.0,,47.0,372.0,239.0,0.0,0.0,0.0,0.0,0.0,20.0,0.0,Partidos
527,Fede San Emeterio,es ESP,CC,26-364,1.7,67.0,5.0,20.0,41.0,6.0,1.0,67.0,1.0,0.0,0.0,0.0,0.0,28.0,108.0,68.0,0.0,0.0,0.0,1.0,0.0,37.0,0.0,Partidos
528,Mamadou Mbaye,sn SEN,DF,25-260,3.2,137.0,37.0,81.0,47.0,9.0,4.0,137.0,0.0,0.0,,0.0,,35.0,170.0,83.0,0.0,0.0,0.0,2.0,0.0,43.0,0.0,Partidos
529,Sergi Guardiola,es ESP,"DL,CC",32-290,4.1,203.0,3.0,16.0,109.0,81.0,9.0,203.0,11.0,6.0,54.5,4.0,36.4,130.0,603.0,211.0,9.0,6.0,1.0,5.0,6.0,148.0,22.0,Partidos
530,Aiham Ousou,sy SYR,DF,24-065,1.0,48.0,6.0,21.0,23.0,4.0,0.0,48.0,0.0,0.0,,0.0,,24.0,163.0,93.0,0.0,2.0,0.0,1.0,0.0,24.0,0.0,Partidos
531,Brian Ocampo,uy URU,CC,24-263,1.5,107.0,0.0,13.0,54.0,45.0,3.0,107.0,10.0,3.0,30.0,5.0,50.0,74.0,619.0,346.0,9.0,7.0,0.0,14.0,8.0,75.0,10.0,Partidos
532,Álvaro Negredo,es ESP,"DL,CC",38-207,0.6,32.0,0.0,3.0,11.0,19.0,5.0,32.0,2.0,2.0,100.0,0.0,0.0,17.0,57.0,15.0,0.0,0.0,0.0,3.0,0.0,19.0,0.0,Partidos
533,Diadie Samassékou,ml MLI,CC,28-063,0.6,31.0,1.0,11.0,17.0,4.0,0.0,31.0,0.0,0.0,,0.0,,14.0,101.0,43.0,0.0,2.0,0.0,1.0,0.0,14.0,1.0,Partidos
534,Karl Etta,cm CMR,DL,20-073,0.2,4.0,0.0,0.0,3.0,1.0,0.0,4.0,0.0,0.0,,0.0,,2.0,4.0,0.0,0.0,0.0,0.0,1.0,0.0,2.0,1.0,Partidos
535,José Mari,es ESP,"CC,DL",36-099,0.2,23.0,0.0,0.0,19.0,4.0,0.0,23.0,0.0,0.0,,0.0,,10.0,55.0,23.0,0.0,0.0,0.0,0.0,0.0,16.0,1.0,Partidos
536,Milutin Osmajić,me MNE,CC,24-233,0.1,5.0,0.0,0.0,0.0,5.0,2.0,5.0,0.0,0.0,,0.0,,2.0,10.0,1.0,0.0,0.0,0.0,0.0,0.0,5.0,0.0,Partidos
537,Moussa Diakité,ml MLI,CC,20-131,0.0,1.0,0.0,1.0,0.0,0.0,0.0,1.0,1.0,0.0,0.0,1.0,100.0,1.0,3.0,0.0,0.0,0.0,0.0,0.0,0.0,0.0,0.0,Partidos
538,Total del equipo,,,29.2,28.0,13652.0,1708.0,4673.0,5963.0,3148.0,389.0,13650.0,385.0,157.0,40.8,186.0,48.3,6566.0,35527.0,17108.0,306.0,284.0,40.0,435.0,236.0,7335.0,684.0,
539,Total del oponente,,,28.1,28.0,17453.0,1465.0,4965.0,7891.0,4761.0,591.0,17451.0,566.0,278.0,49.1,228.0,40.3,9664.0,53503.0,29243.0,584.0,459.0,124.0,442.0,251.0,11274.0,1260.0,
540,Carlos Neva,es ESP,DF,27-276,25.0,1414.0,84.0,579.0,641.0,205.0,7.0,1414.0,11.0,4.0,36.4,6.0,54.5,646.0,2642.0,1461.0,30.0,24.0,0.0,20.0,8.0,721.0,68.0,Partidos
541,Ignasi Miquel,es ESP,DF,31-168,25.2,1486.0,206.0,918.0,533.0,47.0,30.0,1486.0,14.0,7.0,50.0,6.0,42.9,834.0,3628.0,1775.0,5.0,5.0,0.0,11.0,3.0,925.0,6.0,Partidos
542,Myrto Uzuni,al ALB,"DL,CC",28-288,22.4,435.0,12.0,57.0,180.0,206.0,75.0,431.0,26.0,12.0,46.2,13.0,50.0,244.0,1310.0,509.0,18.0,13.0,8.0,34.0,32.0,261.0,75.0,Partidos
543,Ricard Sánchez,es ESP,DF,24-021,21.9,1168.0,68.0,345.0,462.0,369.0,35.0,1168.0,29.0,16.0,55.2,11.0,37.9,564.0,3181.0,1687.0,41.0,31.0,3.0,30.0,14.0,610.0,88.0,Partidos
544,Gerard Gumbau,es ESP,CC,29-087,19.9,1184.0,31.0,280.0,691.0,223.0,9.0,1184.0,14.0,8.0,57.1,3.0,21.4,604.0,2429.0,1189.0,14.0,8.0,0.0,11.0,10.0,758.0,18.0,Partidos
545,Sergio Ruiz,es ESP,CC,29-089,19.2,1130.0,58.0,351.0,674.0,129.0,16.0,1130.0,33.0,15.0,45.5,12.0,36.4,696.0,3814.0,1931.0,25.0,19.0,2.0,17.0,12.0,773.0,13.0,Partidos
546,Lucas Boyé,ar ARG,DL,28-015,17.6,691.0,38.0,89.0,344.0,269.0,70.0,691.0,96.0,37.0,38.5,57.0,59.4,380.0,1958.0,684.0,23.0,33.0,10.0,69.0,48.0,439.0,71.0,Partidos
547,Bryan Zaragoza,es ESP,"CC,DL",22-324,18.2,680.0,1.0,67.0,242.0,386.0,74.0,679.0,129.0,53.0,41.1,65.0,50.4,482.0,4318.0,2393.0,100.0,61.0,37.0,53.0,11.0,501.0,127.0,Partidos
548,Gonzalo Villar,es ESP,CC,25-357,15.8,934.0,40.0,255.0,552.0,154.0,16.0,934.0,33.0,20.0,60.6,11.0,33.3,560.0,2876.0,1391.0,17.0,23.0,1.0,17.0,20.0,624.0,19.0,Partidos
549,André Ferreira,pt POR,PO,27-290,14.9,542.0,473.0,541.0,1.0,0.0,0.0,542.0,0.0,0.0,,0.0,,271.0,1478.0,829.0,0.0,0.0,0.0,2.0,1.0,192.0,0.0,Partidos
550,Óscar Melendo,es ESP,"CC,DL",26-204,10.8,455.0,4.0,58.0,296.0,107.0,11.0,455.0,19.0,9.0,47.4,6.0,31.6,314.0,1806.0,708.0,19.0,16.0,0.0,18.0,8.0,341.0,24.0,Partidos
551,Raúl Torrente,es ESP,DF,22-185,11.5,765.0,104.0,501.0,252.0,13.0,8.0,765.0,1.0,0.0,0.0,1.0,100.0,451.0,2370.0,1192.0,2.0,1.0,1.0,0.0,1.0,500.0,2.0,Partidos
552,Augusto Batalla,ar ARG,PO,27-319,9.0,400.0,319.0,390.0,9.0,2.0,2.0,400.0,1.0,1.0,100.0,0.0,0.0,232.0,1253.0,763.0,0.0,0.0,0.0,1.0,0.0,176.0,1.0,Partidos
553,Miguel Ángel Rubio,es ESP,DF,26-003,8.3,500.0,63.0,295.0,194.0,13.0,6.0,500.0,3.0,3.0,100.0,0.0,0.0,271.0,1419.0,820.0,2.0,3.0,0.0,7.0,0.0,300.0,0.0,Partidos
554,José Callejón,es ESP,"CC,DL",37-032,7.1,337.0,19.0,85.0,150.0,105.0,12.0,337.0,7.0,2.0,28.6,3.0,42.9,180.0,855.0,350.0,8.0,6.0,1.0,9.0,5.0,212.0,38.0,Partidos
555,Bruno Méndez,uy URU,DF,24-186,6.2,345.0,37.0,180.0,147.0,23.0,9.0,345.0,2.0,2.0,100.0,0.0,0.0,171.0,762.0,440.0,4.0,1.0,0.0,3.0,0.0,193.0,1.0,Partidos
556,Antonio Puertas,es ESP,"CC,DL",32-022,7.0,284.0,3.0,33.0,124.0,132.0,30.0,283.0,30.0,15.0,50.0,14.0,46.7,191.0,1134.0,460.0,18.0,17.0,7.0,17.0,9.0,199.0,41.0,Partidos
557,Álvaro Carreras,es ESP,"CC,DL",20-357,5.3,296.0,12.0,83.0,124.0,96.0,11.0,296.0,14.0,7.0,50.0,5.0,35.7,176.0,1156.0,583.0,13.0,14.0,1.0,15.0,9.0,182.0,31.0,Partidos
558,Facundo Pellistri,uy URU,"CC,DL",22-085,4.7,165.0,3.0,25.0,47.0,102.0,19.0,165.0,12.0,4.0,33.3,7.0,58.3,95.0,789.0,452.0,17.0,8.0,5.0,18.0,6.0,101.0,33.0,Partidos
559,Martin Hongla,cm CMR,"CC,DF",25-364,3.7,201.0,14.0,81.0,105.0,17.0,1.0,201.0,2.0,0.0,0.0,2.0,100.0,122.0,577.0,240.0,1.0,2.0,0.0,3.0,0.0,132.0,2.0,Partidos
560,Raúl Fernández,es ESP,PO,36-001,3.1,115.0,90.0,115.0,0.0,0.0,0.0,115.0,0.0,0.0,,0.0,,58.0,357.0,205.0,0.0,0.0,0.0,0.0,0.0,47.0,0.0,Partidos
561,Kamil Piątkowski,pl POL,DF,23-267,2.9,166.0,19.0,94.0,64.0,9.0,3.0,166.0,1.0,1.0,100.0,0.0,0.0,102.0,454.0,260.0,2.0,1.0,0.0,2.0,0.0,118.0,0.0,Partidos
562,Wilson Manafá,pt POR,"DF,CC",29-235,2.7,165.0,4.0,66.0,68.0,33.0,0.0,165.0,9.0,6.0,66.7,3.0,33.3,87.0,481.0,241.0,5.0,3.0,0.0,5.0,2.0,84.0,6.0,Partidos
563,Matias Arezo,uy URU,DL,21-114,2.3,63.0,4.0,7.0,33.0,25.0,8.0,63.0,0.0,0.0,,0.0,,28.0,150.0,66.0,2.0,1.0,2.0,5.0,3.0,38.0,7.0,Partidos
564,Víctor Díaz,es ESP,"DF,CC",35-276,1.8,93.0,8.0,57.0,35.0,2.0,1.0,93.0,1.0,1.0,100.0,0.0,0.0,39.0,148.0,85.0,0.0,0.0,0.0,2.0,0.0,48.0,0.0,Partidos
565,Faitout Maouassa,fr FRA,"DF,CC",25-252,1.8,97.0,3.0,23.0,27.0,48.0,4.0,97.0,2.0,1.0,50.0,0.0,0.0,44.0,291.0,181.0,8.0,5.0,2.0,6.0,1.0,47.0,10.0,Partidos
566,Jesús Vallejo,es ESP,DF,27-069,1.2,98.0,7.0,44.0,51.0,3.0,0.0,98.0,1.0,1.0,100.0,0.0,0.0,54.0,257.0,157.0,1.0,0.0,0.0,2.0,0.0,71.0,0.0,Partidos
567,Kamil Jóźwiak,pl POL,CC,25-327,1.1,37.0,2.0,7.0,14.0,17.0,4.0,37.0,2.0,0.0,0.0,2.0,100.0,16.0,53.0,20.0,0.0,0.0,0.0,1.0,1.0,23.0,7.0,Partidos
568,Samuel Omorodion,es ESP,DL,19-314,0.9,24.0,0.0,0.0,14.0,10.0,5.0,24.0,0.0,0.0,,0.0,,14.0,50.0,7.0,0.0,0.0,0.0,2.0,0.0,17.0,3.0,Partidos
569,Njegoš Petrović,rs SRB,"CC,DL",24-240,1.7,108.0,6.0,20.0,59.0,31.0,1.0,108.0,5.0,3.0,60.0,2.0,40.0,67.0,340.0,163.0,3.0,1.0,0.0,5.0,0.0,69.0,3.0,Partidos
570,Famara Diedhiou,sn SEN,"DL,CC",31-090,1.0,68.0,5.0,7.0,20.0,41.0,10.0,68.0,5.0,4.0,80.0,1.0,20.0,40.0,241.0,99.0,5.0,3.0,2.0,12.0,2.0,53.0,19.0,Partidos
571,Shon Weissman,il ISR,DL,28-029,0.9,28.0,1.0,1.0,13.0,14.0,3.0,28.0,2.0,1.0,50.0,1.0,50.0,14.0,70.0,45.0,1.0,1.0,0.0,2.0,0.0,14.0,1.0,Partidos
572,Theo Corbeanu,ca CAN,CC,21-302,0.5,35.0,1.0,6.0,13.0,17.0,3.0,35.0,2.0,0.0,0.0,2.0,100.0,24.0,168.0,90.0,3.0,1.0,0.0,1.0,0.0,22.0,4.0,Partidos
573,Adri Bosch,es ESP,DF,22-279,0.3,17.0,2.0,10.0,8.0,0.0,0.0,17.0,0.0,0.0,,0.0,,8.0,86.0,43.0,1.0,0.0,0.0,0.0,0.0,9.0,1.0,Partidos
574,Alberto Soro,es ESP,CC,25-005,0.1,5.0,0.0,0.0,1.0,4.0,1.0,5.0,0.0,0.0,,0.0,,3.0,9.0,0.0,0.0,0.0,0.0,1.0,0.0,4.0,0.0,Partidos
575,Alberto Perea,es ESP,"CC,DL",33-086,0.0,8.0,0.0,1.0,3.0,4.0,0.0,8.0,1.0,0.0,0.0,0.0,0.0,7.0,24.0,10.0,0.0,0.0,0.0,0.0,0.0,6.0,1.0,Partidos
576,Total del equipo,,,27.4,27.0,14539.0,1741.0,5671.0,6191.0,2856.0,484.0,14533.0,507.0,233.0,46.0,233.0,46.0,8089.0,42934.0,21529.0,388.0,301.0,82.0,401.0,206.0,8810.0,720.0,
577,Total del oponente,,,27.8,27.0,16658.0,1487.0,4821.0,7707.0,4283.0,583.0,16654.0,458.0,222.0,48.5,193.0,42.1,9530.0,50321.0,26540.0,509.0,382.0,116.0,438.0,244.0,10907.0,1028.0,
578,Luís Maximiano,pt POR,PO,25-069,25.0,1003.0,803.0,989.0,14.0,0.0,0.0,1003.0,3.0,3.0,100.0,0.0,0.0,518.0,2696.0,1621.0,0.0,0.0,0.0,0.0,0.0,412.0,0.0,Partidos
579,Édgar González,es ESP,"DF,CC",26-348,22.1,1271.0,206.0,695.0,536.0,47.0,20.0,1271.0,9.0,6.0,66.7,2.0,22.2,645.0,2912.0,1544.0,4.0,4.0,0.0,10.0,3.0,783.0,4.0,Partidos
580,Adri Embarba,es ESP,"DL,CC",31-312,19.1,937.0,14.0,140.0,360.0,453.0,43.0,937.0,90.0,35.0,38.9,49.0,54.4,542.0,3679.0,1781.0,74.0,39.0,17.0,48.0,25.0,590.0,123.0,Partidos
581,Lucas Robertone,ar ARG,CC,26-362,18.6,1194.0,43.0,278.0,694.0,242.0,14.0,1194.0,15.0,6.0,40.0,6.0,40.0,631.0,3033.0,1509.0,28.0,20.0,4.0,23.0,9.0,713.0,29.0,Partidos
582,Dion Lopy,sn SEN,CC,22-041,19.1,984.0,63.0,281.0,577.0,144.0,8.0,984.0,45.0,28.0,62.2,14.0,31.1,576.0,3755.0,1554.0,23.0,20.0,2.0,19.0,15.0,606.0,18.0,Partidos
583,Sergio Arribas,es ESP,"CC,DL",22-166,19.5,814.0,11.0,101.0,378.0,347.0,66.0,814.0,41.0,12.0,29.3,27.0,65.9,440.0,2363.0,1276.0,44.0,28.0,9.0,33.0,14.0,506.0,79.0,Partidos
584,Sergio Akieme,es ESP,DF,26-089,18.6,959.0,54.0,338.0,420.0,216.0,20.0,959.0,40.0,21.0,52.5,18.0,45.0,498.0,2520.0,1141.0,27.0,23.0,2.0,15.0,16.0,525.0,72.0,Partidos
585,Juan Brandáriz,es ESP,DF,25-012,18.5,1013.0,142.0,546.0,422.0,51.0,7.0,1013.0,4.0,3.0,75.0,1.0,25.0,571.0,2681.0,1419.0,9.0,8.0,0.0,10.0,3.0,644.0,4.0,Partidos
586,Iddrisu Baba,gh GHA,CC,28-052,15.3,803.0,45.0,246.0,510.0,57.0,4.0,803.0,18.0,13.0,72.2,3.0,16.7,452.0,2161.0,829.0,1.0,3.0,0.0,15.0,7.0,473.0,4.0,Partidos
587,Largie Ramazani,be BEL,"DL,CC",23-016,14.7,477.0,8.0,72.0,209.0,217.0,52.0,477.0,65.0,25.0,38.5,35.0,53.8,324.0,2619.0,1472.0,49.0,36.0,21.0,38.0,29.0,337.0,83.0,Partidos
588,Léo Baptistão,br BRA,DL,31-201,13.6,497.0,19.0,69.0,254.0,179.0,45.0,497.0,14.0,5.0,35.7,8.0,57.1,245.0,1330.0,630.0,15.0,14.0,3.0,24.0,12.0,318.0,54.0,Partidos
589,César Montes,mx MEX,DF,27-019,13.0,768.0,93.0,406.0,331.0,35.0,16.0,768.0,1.0,1.0,100.0,0.0,0.0,408.0,2116.0,1317.0,6.0,4.0,0.0,6.0,1.0,494.0,2.0,Partidos
590,Pubill,es ESP,DF,20-268,12.2,742.0,67.0,256.0,318.0,177.0,14.0,742.0,41.0,20.0,48.8,15.0,36.6,357.0,2104.0,1165.0,33.0,30.0,4.0,15.0,5.0,392.0,48.0,Partidos
591,Gonzalo Melero,es ESP,"CC,DL",30-072,10.3,477.0,16.0,74.0,291.0,116.0,27.0,477.0,15.0,6.0,40.0,8.0,53.3,280.0,1496.0,796.0,21.0,8.0,3.0,23.0,12.0,333.0,31.0,Partidos
592,Alejandro Pozo Pozo,es ESP,"DF,CC",25-021,9.4,615.0,26.0,160.0,290.0,166.0,7.0,615.0,12.0,1.0,8.3,10.0,83.3,305.0,1361.0,674.0,20.0,14.0,2.0,13.0,3.0,356.0,58.0,Partidos
593,Luis Javier Suárez,co COL,"DL,CC",26-103,8.0,244.0,7.0,23.0,107.0,119.0,47.0,243.0,13.0,7.0,53.8,6.0,46.2,147.0,1133.0,573.0,26.0,10.0,14.0,21.0,7.0,166.0,40.0,Partidos
594,Álex Centelles,es ESP,DF,26-127,5.9,400.0,24.0,141.0,168.0,94.0,6.0,400.0,5.0,2.0,40.0,3.0,60.0,179.0,815.0,444.0,10.0,8.0,3.0,4.0,1.0,212.0,25.0,Partidos
595,Kaiky,br BRA,DF,20-062,5.8,317.0,50.0,175.0,137.0,6.0,4.0,317.0,4.0,3.0,75.0,1.0,25.0,182.0,1023.0,683.0,4.0,0.0,0.0,1.0,0.0,200.0,1.0,Partidos
596,Aleksandar Radovanović,rs SRB,DF,30-124,4.8,202.0,56.0,137.0,62.0,3.0,2.0,202.0,1.0,0.0,0.0,1.0,100.0,77.0,257.0,68.0,0.0,0.0,0.0,2.0,0.0,100.0,1.0,Partidos
597,Anthony Lozano,hn HON,DL,30-324,4.1,123.0,8.0,12.0,64.0,47.0,9.0,123.0,12.0,3.0,25.0,8.0,66.7,69.0,383.0,108.0,5.0,5.0,1.0,14.0,10.0,95.0,14.0,Partidos
598,Houboulang Mendes,gw GNB,DF,25-315,4.4,236.0,21.0,94.0,117.0,27.0,1.0,236.0,7.0,2.0,28.6,3.0,42.9,83.0,389.0,175.0,5.0,4.0,0.0,8.0,4.0,89.0,6.0,Partidos
599,Jonathan Viera,es ESP,CC,34-145,3.2,179.0,2.0,21.0,90.0,70.0,4.0,179.0,5.0,1.0,20.0,4.0,80.0,116.0,478.0,313.0,10.0,9.0,1.0,4.0,2.0,142.0,7.0,Partidos
600,Bruno Langa,mz MOZ,DF,26-135,3.0,181.0,20.0,83.0,75.0,23.0,2.0,181.0,4.0,2.0,50.0,2.0,50.0,73.0,308.0,148.0,2.0,3.0,0.0,1.0,1.0,81.0,4.0,Partidos
601,Arnau Puigmal,es ESP,"DL,DF",23-064,2.8,122.0,2.0,20.0,56.0,48.0,2.0,122.0,7.0,2.0,28.6,4.0,57.1,76.0,437.0,210.0,4.0,3.0,0.0,7.0,2.0,78.0,17.0,Partidos
602,Luka Romero,ar ARG,DL,19-117,2.4,116.0,3.0,23.0,51.0,43.0,4.0,116.0,9.0,2.0,22.2,6.0,66.7,71.0,336.0,134.0,4.0,7.0,1.0,13.0,2.0,81.0,13.0,Partidos
603,Lázaro,br BRA,"DL,CC",22-002,3.2,152.0,2.0,19.0,64.0,69.0,14.0,152.0,16.0,5.0,31.3,10.0,62.5,89.0,547.0,224.0,5.0,3.0,2.0,11.0,5.0,100.0,34.0,Partidos
604,Ibrahima Koné,ml MLI,DL,24-272,2.9,79.0,5.0,7.0,40.0,34.0,7.0,79.0,4.0,1.0,25.0,2.0,50.0,41.0,166.0,73.0,3.0,1.0,2.0,7.0,1.0,54.0,15.0,Partidos
605,Fernando,es ESP,PO,33-278,2.0,88.0,65.0,86.0,2.0,0.0,0.0,88.0,0.0,0.0,,0.0,,43.0,279.0,189.0,0.0,0.0,0.0,0.0,0.0,34.0,0.0,Partidos
606,Marko Milovanović,rs SRB,"DL,CC",20-223,2.6,79.0,4.0,10.0,42.0,28.0,9.0,79.0,1.0,0.0,0.0,1.0,100.0,41.0,135.0,42.0,1.0,1.0,0.0,6.0,2.0,52.0,11.0,Partidos
607,Srđan Babić,rs SRB,DF,27-327,1.0,69.0,5.0,29.0,38.0,2.0,1.0,69.0,0.0,0.0,,0.0,,44.0,285.0,199.0,1.0,1.0,0.0,0.0,0.0,49.0,0.0,Partidos
608,Diego Mariño,es ESP,PO,33-310,1.0,32.0,26.0,32.0,0.0,0.0,0.0,32.0,0.0,0.0,,0.0,,22.0,94.0,53.0,0.0,0.0,0.0,0.0,0.0,20.0,0.0,Partidos
609,Marciano Sanca,gw GNB,"DL,CC",20-011,0.5,28.0,0.0,2.0,17.0,9.0,0.0,28.0,0.0,0.0,,0.0,,12.0,87.0,24.0,1.0,1.0,0.0,1.0,1.0,16.0,3.0,Partidos
610,Rachad Fettal,ma MAR,DL,19-058,0.2,,,,,,,,,,,,,,,,,,,,,,,Partidos
611,Total del equipo,,,26.1,28.0,15201.0,1910.0,5565.0,6734.0,3069.0,455.0,15200.0,501.0,215.0,42.9,247.0,49.3,8157.0,43978.0,22388.0,435.0,307.0,91.0,392.0,192.0,9051.0,800.0,
612,Total del oponente,,,27.7,28.0,16986.0,1532.0,4838.0,7826.0,4480.0,749.0,16977.0,487.0,228.0,46.8,208.0,42.7,9534.0,51000.0,26747.0,539.0,414.0,154.0,386.0,268.0,10988.0,1164.0,
